Created by PLY version 3.11 (http://www.dabeaz.com/ply)

Grammar

Rule 0     S' -> program
Rule 1     program -> declarations
Rule 2     declarations -> declaration
Rule 3     declarations -> declaration declarations
Rule 4     declaration -> expr DOT
Rule 5     declaration -> expr IMPLIED_BY body DOT
Rule 6     declaration -> exprs PSLASH q_exprs DOT
Rule 7     declaration -> exprs PSLASH q_exprs IMPLIED_BY body DOT
Rule 8     declaration -> NAME LBRACE expr RBRACE DOT
Rule 9     declaration -> NAME LBRACE expr RBRACE IMPLIED_BY body DOT
Rule 10    declaration -> AT NAME NAME DOT
Rule 11    terms -> <empty>
Rule 12    terms -> term terms
Rule 13    term -> NAME
Rule 14    term -> LPAREN expr RPAREN
Rule 15    exprs -> <empty>
Rule 16    q_exprs -> <empty>
Rule 17    exprs -> exprs_comma
Rule 18    q_exprs -> q_exprs_comma
Rule 19    exprs_comma -> expr
Rule 20    q_exprs_comma -> q_expr
Rule 21    exprs_comma -> expr COMMA exprs_comma
Rule 22    q_exprs_comma -> q_expr COMMA q_exprs_comma
Rule 23    body -> expr
Rule 24    body -> window
Rule 25    body -> expr COMMA body
Rule 26    body -> window COMMA body
Rule 27    window -> SET vars operators
Rule 28    vars -> VAR
Rule 29    vars -> VAR vars
Rule 30    operators -> COLON operator
Rule 31    operators -> COLON operator operators
Rule 32    operator -> NAME terms BY term
Rule 33    operator -> NAME terms AS term
Rule 34    q_expr -> QUESTION expr
Rule 35    q_expr -> expr
Rule 36    expr -> NAME terms
Rule 37    expr -> literal
Rule 38    expr -> expr PLUS expr
Rule 39    expr -> expr MINUS expr
Rule 40    expr -> expr EQ expr
Rule 41    expr -> expr NE expr
Rule 42    expr -> expr LE expr
Rule 43    expr -> expr GE expr
Rule 44    expr -> expr LT expr
Rule 45    expr -> expr GT expr
Rule 46    expr -> expr STAR expr
Rule 47    expr -> expr SLASH expr
Rule 48    expr -> expr MODULO expr
Rule 49    expr -> expr POW expr
Rule 50    expr -> MINUS expr
Rule 51    expr -> LPAREN expr RPAREN
Rule 52    term -> LBRACKET exprs RBRACKET
Rule 53    term -> literal
Rule 54    literal -> INT
Rule 55    literal -> STRING
Rule 56    literal -> FLOAT
Rule 57    literal -> VAR

Terminals, with rules where they appear

AS                   : 33
AT                   : 10
BY                   : 32
COLON                : 30 31
COMMA                : 21 22 25 26
DOT                  : 4 5 6 7 8 9 10
EQ                   : 40
FLOAT                : 56
GE                   : 43
GT                   : 45
IMPLIED_BY           : 5 7 9
INT                  : 54
LBRACE               : 8 9
LBRACKET             : 52
LE                   : 42
LPAREN               : 14 51
LT                   : 44
MINUS                : 39 50
MODULO               : 48
NAME                 : 8 9 10 10 13 32 33 36
NE                   : 41
PLUS                 : 38
POW                  : 49
PSLASH               : 6 7
QUESTION             : 34
RBRACE               : 8 9
RBRACKET             : 52
RPAREN               : 14 51
SET                  : 27
SLASH                : 47
STAR                 : 46
STRING               : 55
VAR                  : 28 29 57
error                : 

Nonterminals, with rules where they appear

body                 : 5 7 9 25 26
declaration          : 2 3
declarations         : 1 3
expr                 : 4 5 8 9 14 19 21 23 25 34 35 38 38 39 39 40 40 41 41 42 42 43 43 44 44 45 45 46 46 47 47 48 48 49 49 50 51
exprs                : 6 7 52
exprs_comma          : 17 21
literal              : 37 53
operator             : 30 31
operators            : 27 31
program              : 0
q_expr               : 20 22
q_exprs              : 6 7
q_exprs_comma        : 18 22
term                 : 12 32 33
terms                : 12 32 33 36
vars                 : 27 29
window               : 24 26

Parsing method: LALR

state 0

    (0) S' -> . program
    (1) program -> . declarations
    (2) declarations -> . declaration
    (3) declarations -> . declaration declarations
    (4) declaration -> . expr DOT
    (5) declaration -> . expr IMPLIED_BY body DOT
    (6) declaration -> . exprs PSLASH q_exprs DOT
    (7) declaration -> . exprs PSLASH q_exprs IMPLIED_BY body DOT
    (8) declaration -> . NAME LBRACE expr RBRACE DOT
    (9) declaration -> . NAME LBRACE expr RBRACE IMPLIED_BY body DOT
    (10) declaration -> . AT NAME NAME DOT
    (36) expr -> . NAME terms
    (37) expr -> . literal
    (38) expr -> . expr PLUS expr
    (39) expr -> . expr MINUS expr
    (40) expr -> . expr EQ expr
    (41) expr -> . expr NE expr
    (42) expr -> . expr LE expr
    (43) expr -> . expr GE expr
    (44) expr -> . expr LT expr
    (45) expr -> . expr GT expr
    (46) expr -> . expr STAR expr
    (47) expr -> . expr SLASH expr
    (48) expr -> . expr MODULO expr
    (49) expr -> . expr POW expr
    (50) expr -> . MINUS expr
    (51) expr -> . LPAREN expr RPAREN
    (15) exprs -> .
    (17) exprs -> . exprs_comma
    (54) literal -> . INT
    (55) literal -> . STRING
    (56) literal -> . FLOAT
    (57) literal -> . VAR
    (19) exprs_comma -> . expr
    (21) exprs_comma -> . expr COMMA exprs_comma

    NAME            shift and go to state 6
    AT              shift and go to state 7
    MINUS           shift and go to state 9
    LPAREN          shift and go to state 10
    PSLASH          reduce using rule 15 (exprs -> .)
    INT             shift and go to state 12
    STRING          shift and go to state 13
    FLOAT           shift and go to state 14
    VAR             shift and go to state 15

    program                        shift and go to state 1
    declarations                   shift and go to state 2
    declaration                    shift and go to state 3
    expr                           shift and go to state 4
    exprs                          shift and go to state 5
    literal                        shift and go to state 8
    exprs_comma                    shift and go to state 11

state 1

    (0) S' -> program .



state 2

    (1) program -> declarations .

    $end            reduce using rule 1 (program -> declarations .)


state 3

    (2) declarations -> declaration .
    (3) declarations -> declaration . declarations
    (2) declarations -> . declaration
    (3) declarations -> . declaration declarations
    (4) declaration -> . expr DOT
    (5) declaration -> . expr IMPLIED_BY body DOT
    (6) declaration -> . exprs PSLASH q_exprs DOT
    (7) declaration -> . exprs PSLASH q_exprs IMPLIED_BY body DOT
    (8) declaration -> . NAME LBRACE expr RBRACE DOT
    (9) declaration -> . NAME LBRACE expr RBRACE IMPLIED_BY body DOT
    (10) declaration -> . AT NAME NAME DOT
    (36) expr -> . NAME terms
    (37) expr -> . literal
    (38) expr -> . expr PLUS expr
    (39) expr -> . expr MINUS expr
    (40) expr -> . expr EQ expr
    (41) expr -> . expr NE expr
    (42) expr -> . expr LE expr
    (43) expr -> . expr GE expr
    (44) expr -> . expr LT expr
    (45) expr -> . expr GT expr
    (46) expr -> . expr STAR expr
    (47) expr -> . expr SLASH expr
    (48) expr -> . expr MODULO expr
    (49) expr -> . expr POW expr
    (50) expr -> . MINUS expr
    (51) expr -> . LPAREN expr RPAREN
    (15) exprs -> .
    (17) exprs -> . exprs_comma
    (54) literal -> . INT
    (55) literal -> . STRING
    (56) literal -> . FLOAT
    (57) literal -> . VAR
    (19) exprs_comma -> . expr
    (21) exprs_comma -> . expr COMMA exprs_comma

    $end            reduce using rule 2 (declarations -> declaration .)
    NAME            shift and go to state 6
    AT              shift and go to state 7
    MINUS           shift and go to state 9
    LPAREN          shift and go to state 10
    PSLASH          reduce using rule 15 (exprs -> .)
    INT             shift and go to state 12
    STRING          shift and go to state 13
    FLOAT           shift and go to state 14
    VAR             shift and go to state 15

    declaration                    shift and go to state 3
    declarations                   shift and go to state 16
    expr                           shift and go to state 4
    exprs                          shift and go to state 5
    literal                        shift and go to state 8
    exprs_comma                    shift and go to state 11

state 4

    (4) declaration -> expr . DOT
    (5) declaration -> expr . IMPLIED_BY body DOT
    (38) expr -> expr . PLUS expr
    (39) expr -> expr . MINUS expr
    (40) expr -> expr . EQ expr
    (41) expr -> expr . NE expr
    (42) expr -> expr . LE expr
    (43) expr -> expr . GE expr
    (44) expr -> expr . LT expr
    (45) expr -> expr . GT expr
    (46) expr -> expr . STAR expr
    (47) expr -> expr . SLASH expr
    (48) expr -> expr . MODULO expr
    (49) expr -> expr . POW expr
    (19) exprs_comma -> expr .
    (21) exprs_comma -> expr . COMMA exprs_comma

    DOT             shift and go to state 17
    IMPLIED_BY      shift and go to state 18
    PLUS            shift and go to state 19
    MINUS           shift and go to state 20
    EQ              shift and go to state 21
    NE              shift and go to state 22
    LE              shift and go to state 23
    GE              shift and go to state 24
    LT              shift and go to state 25
    GT              shift and go to state 26
    STAR            shift and go to state 27
    SLASH           shift and go to state 28
    MODULO          shift and go to state 29
    POW             shift and go to state 30
    PSLASH          reduce using rule 19 (exprs_comma -> expr .)
    COMMA           shift and go to state 31


state 5

    (6) declaration -> exprs . PSLASH q_exprs DOT
    (7) declaration -> exprs . PSLASH q_exprs IMPLIED_BY body DOT

    PSLASH          shift and go to state 32


state 6

    (8) declaration -> NAME . LBRACE expr RBRACE DOT
    (9) declaration -> NAME . LBRACE expr RBRACE IMPLIED_BY body DOT
    (36) expr -> NAME . terms
    (11) terms -> .
    (12) terms -> . term terms
    (13) term -> . NAME
    (14) term -> . LPAREN expr RPAREN
    (52) term -> . LBRACKET exprs RBRACKET
    (53) term -> . literal
    (54) literal -> . INT
    (55) literal -> . STRING
    (56) literal -> . FLOAT
    (57) literal -> . VAR

    LBRACE          shift and go to state 34
    DOT             reduce using rule 11 (terms -> .)
    IMPLIED_BY      reduce using rule 11 (terms -> .)
    PLUS            reduce using rule 11 (terms -> .)
    MINUS           reduce using rule 11 (terms -> .)
    EQ              reduce using rule 11 (terms -> .)
    NE              reduce using rule 11 (terms -> .)
    LE              reduce using rule 11 (terms -> .)
    GE              reduce using rule 11 (terms -> .)
    LT              reduce using rule 11 (terms -> .)
    GT              reduce using rule 11 (terms -> .)
    STAR            reduce using rule 11 (terms -> .)
    SLASH           reduce using rule 11 (terms -> .)
    MODULO          reduce using rule 11 (terms -> .)
    POW             reduce using rule 11 (terms -> .)
    COMMA           reduce using rule 11 (terms -> .)
    PSLASH          reduce using rule 11 (terms -> .)
    NAME            shift and go to state 33
    LPAREN          shift and go to state 37
    LBRACKET        shift and go to state 38
    INT             shift and go to state 12
    STRING          shift and go to state 13
    FLOAT           shift and go to state 14
    VAR             shift and go to state 15

    terms                          shift and go to state 35
    term                           shift and go to state 36
    literal                        shift and go to state 39

state 7

    (10) declaration -> AT . NAME NAME DOT

    NAME            shift and go to state 40


state 8

    (37) expr -> literal .

    DOT             reduce using rule 37 (expr -> literal .)
    IMPLIED_BY      reduce using rule 37 (expr -> literal .)
    PLUS            reduce using rule 37 (expr -> literal .)
    MINUS           reduce using rule 37 (expr -> literal .)
    EQ              reduce using rule 37 (expr -> literal .)
    NE              reduce using rule 37 (expr -> literal .)
    LE              reduce using rule 37 (expr -> literal .)
    GE              reduce using rule 37 (expr -> literal .)
    LT              reduce using rule 37 (expr -> literal .)
    GT              reduce using rule 37 (expr -> literal .)
    STAR            reduce using rule 37 (expr -> literal .)
    SLASH           reduce using rule 37 (expr -> literal .)
    MODULO          reduce using rule 37 (expr -> literal .)
    POW             reduce using rule 37 (expr -> literal .)
    COMMA           reduce using rule 37 (expr -> literal .)
    PSLASH          reduce using rule 37 (expr -> literal .)
    RPAREN          reduce using rule 37 (expr -> literal .)
    RBRACKET        reduce using rule 37 (expr -> literal .)
    RBRACE          reduce using rule 37 (expr -> literal .)


state 9

    (50) expr -> MINUS . expr
    (36) expr -> . NAME terms
    (37) expr -> . literal
    (38) expr -> . expr PLUS expr
    (39) expr -> . expr MINUS expr
    (40) expr -> . expr EQ expr
    (41) expr -> . expr NE expr
    (42) expr -> . expr LE expr
    (43) expr -> . expr GE expr
    (44) expr -> . expr LT expr
    (45) expr -> . expr GT expr
    (46) expr -> . expr STAR expr
    (47) expr -> . expr SLASH expr
    (48) expr -> . expr MODULO expr
    (49) expr -> . expr POW expr
    (50) expr -> . MINUS expr
    (51) expr -> . LPAREN expr RPAREN
    (54) literal -> . INT
    (55) literal -> . STRING
    (56) literal -> . FLOAT
    (57) literal -> . VAR

    NAME            shift and go to state 42
    MINUS           shift and go to state 9
    LPAREN          shift and go to state 10
    INT             shift and go to state 12
    STRING          shift and go to state 13
    FLOAT           shift and go to state 14
    VAR             shift and go to state 15

    expr                           shift and go to state 41
    literal                        shift and go to state 8

state 10

    (51) expr -> LPAREN . expr RPAREN
    (36) expr -> . NAME terms
    (37) expr -> . literal
    (38) expr -> . expr PLUS expr
    (39) expr -> . expr MINUS expr
    (40) expr -> . expr EQ expr
    (41) expr -> . expr NE expr
    (42) expr -> . expr LE expr
    (43) expr -> . expr GE expr
    (44) expr -> . expr LT expr
    (45) expr -> . expr GT expr
    (46) expr -> . expr STAR expr
    (47) expr -> . expr SLASH expr
    (48) expr -> . expr MODULO expr
    (49) expr -> . expr POW expr
    (50) expr -> . MINUS expr
    (51) expr -> . LPAREN expr RPAREN
    (54) literal -> . INT
    (55) literal -> . STRING
    (56) literal -> . FLOAT
    (57) literal -> . VAR

    NAME            shift and go to state 42
    MINUS           shift and go to state 9
    LPAREN          shift and go to state 10
    INT             shift and go to state 12
    STRING          shift and go to state 13
    FLOAT           shift and go to state 14
    VAR             shift and go to state 15

    expr                           shift and go to state 43
    literal                        shift and go to state 8

state 11

    (17) exprs -> exprs_comma .

    PSLASH          reduce using rule 17 (exprs -> exprs_comma .)
    RBRACKET        reduce using rule 17 (exprs -> exprs_comma .)


state 12

    (54) literal -> INT .

    DOT             reduce using rule 54 (literal -> INT .)
    IMPLIED_BY      reduce using rule 54 (literal -> INT .)
    PLUS            reduce using rule 54 (literal -> INT .)
    MINUS           reduce using rule 54 (literal -> INT .)
    EQ              reduce using rule 54 (literal -> INT .)
    NE              reduce using rule 54 (literal -> INT .)
    LE              reduce using rule 54 (literal -> INT .)
    GE              reduce using rule 54 (literal -> INT .)
    LT              reduce using rule 54 (literal -> INT .)
    GT              reduce using rule 54 (literal -> INT .)
    STAR            reduce using rule 54 (literal -> INT .)
    SLASH           reduce using rule 54 (literal -> INT .)
    MODULO          reduce using rule 54 (literal -> INT .)
    POW             reduce using rule 54 (literal -> INT .)
    COMMA           reduce using rule 54 (literal -> INT .)
    PSLASH          reduce using rule 54 (literal -> INT .)
    NAME            reduce using rule 54 (literal -> INT .)
    LPAREN          reduce using rule 54 (literal -> INT .)
    LBRACKET        reduce using rule 54 (literal -> INT .)
    INT             reduce using rule 54 (literal -> INT .)
    STRING          reduce using rule 54 (literal -> INT .)
    FLOAT           reduce using rule 54 (literal -> INT .)
    VAR             reduce using rule 54 (literal -> INT .)
    RPAREN          reduce using rule 54 (literal -> INT .)
    RBRACKET        reduce using rule 54 (literal -> INT .)
    RBRACE          reduce using rule 54 (literal -> INT .)
    BY              reduce using rule 54 (literal -> INT .)
    AS              reduce using rule 54 (literal -> INT .)
    COLON           reduce using rule 54 (literal -> INT .)


state 13

    (55) literal -> STRING .

    DOT             reduce using rule 55 (literal -> STRING .)
    IMPLIED_BY      reduce using rule 55 (literal -> STRING .)
    PLUS            reduce using rule 55 (literal -> STRING .)
    MINUS           reduce using rule 55 (literal -> STRING .)
    EQ              reduce using rule 55 (literal -> STRING .)
    NE              reduce using rule 55 (literal -> STRING .)
    LE              reduce using rule 55 (literal -> STRING .)
    GE              reduce using rule 55 (literal -> STRING .)
    LT              reduce using rule 55 (literal -> STRING .)
    GT              reduce using rule 55 (literal -> STRING .)
    STAR            reduce using rule 55 (literal -> STRING .)
    SLASH           reduce using rule 55 (literal -> STRING .)
    MODULO          reduce using rule 55 (literal -> STRING .)
    POW             reduce using rule 55 (literal -> STRING .)
    COMMA           reduce using rule 55 (literal -> STRING .)
    PSLASH          reduce using rule 55 (literal -> STRING .)
    NAME            reduce using rule 55 (literal -> STRING .)
    LPAREN          reduce using rule 55 (literal -> STRING .)
    LBRACKET        reduce using rule 55 (literal -> STRING .)
    INT             reduce using rule 55 (literal -> STRING .)
    STRING          reduce using rule 55 (literal -> STRING .)
    FLOAT           reduce using rule 55 (literal -> STRING .)
    VAR             reduce using rule 55 (literal -> STRING .)
    RPAREN          reduce using rule 55 (literal -> STRING .)
    RBRACKET        reduce using rule 55 (literal -> STRING .)
    RBRACE          reduce using rule 55 (literal -> STRING .)
    BY              reduce using rule 55 (literal -> STRING .)
    AS              reduce using rule 55 (literal -> STRING .)
    COLON           reduce using rule 55 (literal -> STRING .)


state 14

    (56) literal -> FLOAT .

    DOT             reduce using rule 56 (literal -> FLOAT .)
    IMPLIED_BY      reduce using rule 56 (literal -> FLOAT .)
    PLUS            reduce using rule 56 (literal -> FLOAT .)
    MINUS           reduce using rule 56 (literal -> FLOAT .)
    EQ              reduce using rule 56 (literal -> FLOAT .)
    NE              reduce using rule 56 (literal -> FLOAT .)
    LE              reduce using rule 56 (literal -> FLOAT .)
    GE              reduce using rule 56 (literal -> FLOAT .)
    LT              reduce using rule 56 (literal -> FLOAT .)
    GT              reduce using rule 56 (literal -> FLOAT .)
    STAR            reduce using rule 56 (literal -> FLOAT .)
    SLASH           reduce using rule 56 (literal -> FLOAT .)
    MODULO          reduce using rule 56 (literal -> FLOAT .)
    POW             reduce using rule 56 (literal -> FLOAT .)
    COMMA           reduce using rule 56 (literal -> FLOAT .)
    PSLASH          reduce using rule 56 (literal -> FLOAT .)
    NAME            reduce using rule 56 (literal -> FLOAT .)
    LPAREN          reduce using rule 56 (literal -> FLOAT .)
    LBRACKET        reduce using rule 56 (literal -> FLOAT .)
    INT             reduce using rule 56 (literal -> FLOAT .)
    STRING          reduce using rule 56 (literal -> FLOAT .)
    FLOAT           reduce using rule 56 (literal -> FLOAT .)
    VAR             reduce using rule 56 (literal -> FLOAT .)
    RPAREN          reduce using rule 56 (literal -> FLOAT .)
    RBRACKET        reduce using rule 56 (literal -> FLOAT .)
    RBRACE          reduce using rule 56 (literal -> FLOAT .)
    BY              reduce using rule 56 (literal -> FLOAT .)
    AS              reduce using rule 56 (literal -> FLOAT .)
    COLON           reduce using rule 56 (literal -> FLOAT .)


state 15

    (57) literal -> VAR .

    DOT             reduce using rule 57 (literal -> VAR .)
    IMPLIED_BY      reduce using rule 57 (literal -> VAR .)
    PLUS            reduce using rule 57 (literal -> VAR .)
    MINUS           reduce using rule 57 (literal -> VAR .)
    EQ              reduce using rule 57 (literal -> VAR .)
    NE              reduce using rule 57 (literal -> VAR .)
    LE              reduce using rule 57 (literal -> VAR .)
    GE              reduce using rule 57 (literal -> VAR .)
    LT              reduce using rule 57 (literal -> VAR .)
    GT              reduce using rule 57 (literal -> VAR .)
    STAR            reduce using rule 57 (literal -> VAR .)
    SLASH           reduce using rule 57 (literal -> VAR .)
    MODULO          reduce using rule 57 (literal -> VAR .)
    POW             reduce using rule 57 (literal -> VAR .)
    COMMA           reduce using rule 57 (literal -> VAR .)
    PSLASH          reduce using rule 57 (literal -> VAR .)
    NAME            reduce using rule 57 (literal -> VAR .)
    LPAREN          reduce using rule 57 (literal -> VAR .)
    LBRACKET        reduce using rule 57 (literal -> VAR .)
    INT             reduce using rule 57 (literal -> VAR .)
    STRING          reduce using rule 57 (literal -> VAR .)
    FLOAT           reduce using rule 57 (literal -> VAR .)
    VAR             reduce using rule 57 (literal -> VAR .)
    RPAREN          reduce using rule 57 (literal -> VAR .)
    RBRACKET        reduce using rule 57 (literal -> VAR .)
    RBRACE          reduce using rule 57 (literal -> VAR .)
    BY              reduce using rule 57 (literal -> VAR .)
    AS              reduce using rule 57 (literal -> VAR .)
    COLON           reduce using rule 57 (literal -> VAR .)


state 16

    (3) declarations -> declaration declarations .

    $end            reduce using rule 3 (declarations -> declaration declarations .)


state 17

    (4) declaration -> expr DOT .

    NAME            reduce using rule 4 (declaration -> expr DOT .)
    AT              reduce using rule 4 (declaration -> expr DOT .)
    MINUS           reduce using rule 4 (declaration -> expr DOT .)
    LPAREN          reduce using rule 4 (declaration -> expr DOT .)
    INT             reduce using rule 4 (declaration -> expr DOT .)
    STRING          reduce using rule 4 (declaration -> expr DOT .)
    FLOAT           reduce using rule 4 (declaration -> expr DOT .)
    VAR             reduce using rule 4 (declaration -> expr DOT .)
    PSLASH          reduce using rule 4 (declaration -> expr DOT .)
    $end            reduce using rule 4 (declaration -> expr DOT .)


state 18

    (5) declaration -> expr IMPLIED_BY . body DOT
    (23) body -> . expr
    (24) body -> . window
    (25) body -> . expr COMMA body
    (26) body -> . window COMMA body
    (36) expr -> . NAME terms
    (37) expr -> . literal
    (38) expr -> . expr PLUS expr
    (39) expr -> . expr MINUS expr
    (40) expr -> . expr EQ expr
    (41) expr -> . expr NE expr
    (42) expr -> . expr LE expr
    (43) expr -> . expr GE expr
    (44) expr -> . expr LT expr
    (45) expr -> . expr GT expr
    (46) expr -> . expr STAR expr
    (47) expr -> . expr SLASH expr
    (48) expr -> . expr MODULO expr
    (49) expr -> . expr POW expr
    (50) expr -> . MINUS expr
    (51) expr -> . LPAREN expr RPAREN
    (27) window -> . SET vars operators
    (54) literal -> . INT
    (55) literal -> . STRING
    (56) literal -> . FLOAT
    (57) literal -> . VAR

    NAME            shift and go to state 42
    MINUS           shift and go to state 9
    LPAREN          shift and go to state 10
    SET             shift and go to state 47
    INT             shift and go to state 12
    STRING          shift and go to state 13
    FLOAT           shift and go to state 14
    VAR             shift and go to state 15

    expr                           shift and go to state 44
    body                           shift and go to state 45
    window                         shift and go to state 46
    literal                        shift and go to state 8

state 19

    (38) expr -> expr PLUS . expr
    (36) expr -> . NAME terms
    (37) expr -> . literal
    (38) expr -> . expr PLUS expr
    (39) expr -> . expr MINUS expr
    (40) expr -> . expr EQ expr
    (41) expr -> . expr NE expr
    (42) expr -> . expr LE expr
    (43) expr -> . expr GE expr
    (44) expr -> . expr LT expr
    (45) expr -> . expr GT expr
    (46) expr -> . expr STAR expr
    (47) expr -> . expr SLASH expr
    (48) expr -> . expr MODULO expr
    (49) expr -> . expr POW expr
    (50) expr -> . MINUS expr
    (51) expr -> . LPAREN expr RPAREN
    (54) literal -> . INT
    (55) literal -> . STRING
    (56) literal -> . FLOAT
    (57) literal -> . VAR

    NAME            shift and go to state 42
    MINUS           shift and go to state 9
    LPAREN          shift and go to state 10
    INT             shift and go to state 12
    STRING          shift and go to state 13
    FLOAT           shift and go to state 14
    VAR             shift and go to state 15

    expr                           shift and go to state 48
    literal                        shift and go to state 8

state 20

    (39) expr -> expr MINUS . expr
    (36) expr -> . NAME terms
    (37) expr -> . literal
    (38) expr -> . expr PLUS expr
    (39) expr -> . expr MINUS expr
    (40) expr -> . expr EQ expr
    (41) expr -> . expr NE expr
    (42) expr -> . expr LE expr
    (43) expr -> . expr GE expr
    (44) expr -> . expr LT expr
    (45) expr -> . expr GT expr
    (46) expr -> . expr STAR expr
    (47) expr -> . expr SLASH expr
    (48) expr -> . expr MODULO expr
    (49) expr -> . expr POW expr
    (50) expr -> . MINUS expr
    (51) expr -> . LPAREN expr RPAREN
    (54) literal -> . INT
    (55) literal -> . STRING
    (56) literal -> . FLOAT
    (57) literal -> . VAR

    NAME            shift and go to state 42
    MINUS           shift and go to state 9
    LPAREN          shift and go to state 10
    INT             shift and go to state 12
    STRING          shift and go to state 13
    FLOAT           shift and go to state 14
    VAR             shift and go to state 15

    expr                           shift and go to state 49
    literal                        shift and go to state 8

state 21

    (40) expr -> expr EQ . expr
    (36) expr -> . NAME terms
    (37) expr -> . literal
    (38) expr -> . expr PLUS expr
    (39) expr -> . expr MINUS expr
    (40) expr -> . expr EQ expr
    (41) expr -> . expr NE expr
    (42) expr -> . expr LE expr
    (43) expr -> . expr GE expr
    (44) expr -> . expr LT expr
    (45) expr -> . expr GT expr
    (46) expr -> . expr STAR expr
    (47) expr -> . expr SLASH expr
    (48) expr -> . expr MODULO expr
    (49) expr -> . expr POW expr
    (50) expr -> . MINUS expr
    (51) expr -> . LPAREN expr RPAREN
    (54) literal -> . INT
    (55) literal -> . STRING
    (56) literal -> . FLOAT
    (57) literal -> . VAR

    NAME            shift and go to state 42
    MINUS           shift and go to state 9
    LPAREN          shift and go to state 10
    INT             shift and go to state 12
    STRING          shift and go to state 13
    FLOAT           shift and go to state 14
    VAR             shift and go to state 15

    expr                           shift and go to state 50
    literal                        shift and go to state 8

state 22

    (41) expr -> expr NE . expr
    (36) expr -> . NAME terms
    (37) expr -> . literal
    (38) expr -> . expr PLUS expr
    (39) expr -> . expr MINUS expr
    (40) expr -> . expr EQ expr
    (41) expr -> . expr NE expr
    (42) expr -> . expr LE expr
    (43) expr -> . expr GE expr
    (44) expr -> . expr LT expr
    (45) expr -> . expr GT expr
    (46) expr -> . expr STAR expr
    (47) expr -> . expr SLASH expr
    (48) expr -> . expr MODULO expr
    (49) expr -> . expr POW expr
    (50) expr -> . MINUS expr
    (51) expr -> . LPAREN expr RPAREN
    (54) literal -> . INT
    (55) literal -> . STRING
    (56) literal -> . FLOAT
    (57) literal -> . VAR

    NAME            shift and go to state 42
    MINUS           shift and go to state 9
    LPAREN          shift and go to state 10
    INT             shift and go to state 12
    STRING          shift and go to state 13
    FLOAT           shift and go to state 14
    VAR             shift and go to state 15

    expr                           shift and go to state 51
    literal                        shift and go to state 8

state 23

    (42) expr -> expr LE . expr
    (36) expr -> . NAME terms
    (37) expr -> . literal
    (38) expr -> . expr PLUS expr
    (39) expr -> . expr MINUS expr
    (40) expr -> . expr EQ expr
    (41) expr -> . expr NE expr
    (42) expr -> . expr LE expr
    (43) expr -> . expr GE expr
    (44) expr -> . expr LT expr
    (45) expr -> . expr GT expr
    (46) expr -> . expr STAR expr
    (47) expr -> . expr SLASH expr
    (48) expr -> . expr MODULO expr
    (49) expr -> . expr POW expr
    (50) expr -> . MINUS expr
    (51) expr -> . LPAREN expr RPAREN
    (54) literal -> . INT
    (55) literal -> . STRING
    (56) literal -> . FLOAT
    (57) literal -> . VAR

    NAME            shift and go to state 42
    MINUS           shift and go to state 9
    LPAREN          shift and go to state 10
    INT             shift and go to state 12
    STRING          shift and go to state 13
    FLOAT           shift and go to state 14
    VAR             shift and go to state 15

    expr                           shift and go to state 52
    literal                        shift and go to state 8

state 24

    (43) expr -> expr GE . expr
    (36) expr -> . NAME terms
    (37) expr -> . literal
    (38) expr -> . expr PLUS expr
    (39) expr -> . expr MINUS expr
    (40) expr -> . expr EQ expr
    (41) expr -> . expr NE expr
    (42) expr -> . expr LE expr
    (43) expr -> . expr GE expr
    (44) expr -> . expr LT expr
    (45) expr -> . expr GT expr
    (46) expr -> . expr STAR expr
    (47) expr -> . expr SLASH expr
    (48) expr -> . expr MODULO expr
    (49) expr -> . expr POW expr
    (50) expr -> . MINUS expr
    (51) expr -> . LPAREN expr RPAREN
    (54) literal -> . INT
    (55) literal -> . STRING
    (56) literal -> . FLOAT
    (57) literal -> . VAR

    NAME            shift and go to state 42
    MINUS           shift and go to state 9
    LPAREN          shift and go to state 10
    INT             shift and go to state 12
    STRING          shift and go to state 13
    FLOAT           shift and go to state 14
    VAR             shift and go to state 15

    expr                           shift and go to state 53
    literal                        shift and go to state 8

state 25

    (44) expr -> expr LT . expr
    (36) expr -> . NAME terms
    (37) expr -> . literal
    (38) expr -> . expr PLUS expr
    (39) expr -> . expr MINUS expr
    (40) expr -> . expr EQ expr
    (41) expr -> . expr NE expr
    (42) expr -> . expr LE expr
    (43) expr -> . expr GE expr
    (44) expr -> . expr LT expr
    (45) expr -> . expr GT expr
    (46) expr -> . expr STAR expr
    (47) expr -> . expr SLASH expr
    (48) expr -> . expr MODULO expr
    (49) expr -> . expr POW expr
    (50) expr -> . MINUS expr
    (51) expr -> . LPAREN expr RPAREN
    (54) literal -> . INT
    (55) literal -> . STRING
    (56) literal -> . FLOAT
    (57) literal -> . VAR

    NAME            shift and go to state 42
    MINUS           shift and go to state 9
    LPAREN          shift and go to state 10
    INT             shift and go to state 12
    STRING          shift and go to state 13
    FLOAT           shift and go to state 14
    VAR             shift and go to state 15

    expr                           shift and go to state 54
    literal                        shift and go to state 8

state 26

    (45) expr -> expr GT . expr
    (36) expr -> . NAME terms
    (37) expr -> . literal
    (38) expr -> . expr PLUS expr
    (39) expr -> . expr MINUS expr
    (40) expr -> . expr EQ expr
    (41) expr -> . expr NE expr
    (42) expr -> . expr LE expr
    (43) expr -> . expr GE expr
    (44) expr -> . expr LT expr
    (45) expr -> . expr GT expr
    (46) expr -> . expr STAR expr
    (47) expr -> . expr SLASH expr
    (48) expr -> . expr MODULO expr
    (49) expr -> . expr POW expr
    (50) expr -> . MINUS expr
    (51) expr -> . LPAREN expr RPAREN
    (54) literal -> . INT
    (55) literal -> . STRING
    (56) literal -> . FLOAT
    (57) literal -> . VAR

    NAME            shift and go to state 42
    MINUS           shift and go to state 9
    LPAREN          shift and go to state 10
    INT             shift and go to state 12
    STRING          shift and go to state 13
    FLOAT           shift and go to state 14
    VAR             shift and go to state 15

    expr                           shift and go to state 55
    literal                        shift and go to state 8

state 27

    (46) expr -> expr STAR . expr
    (36) expr -> . NAME terms
    (37) expr -> . literal
    (38) expr -> . expr PLUS expr
    (39) expr -> . expr MINUS expr
    (40) expr -> . expr EQ expr
    (41) expr -> . expr NE expr
    (42) expr -> . expr LE expr
    (43) expr -> . expr GE expr
    (44) expr -> . expr LT expr
    (45) expr -> . expr GT expr
    (46) expr -> . expr STAR expr
    (47) expr -> . expr SLASH expr
    (48) expr -> . expr MODULO expr
    (49) expr -> . expr POW expr
    (50) expr -> . MINUS expr
    (51) expr -> . LPAREN expr RPAREN
    (54) literal -> . INT
    (55) literal -> . STRING
    (56) literal -> . FLOAT
    (57) literal -> . VAR

    NAME            shift and go to state 42
    MINUS           shift and go to state 9
    LPAREN          shift and go to state 10
    INT             shift and go to state 12
    STRING          shift and go to state 13
    FLOAT           shift and go to state 14
    VAR             shift and go to state 15

    expr                           shift and go to state 56
    literal                        shift and go to state 8

state 28

    (47) expr -> expr SLASH . expr
    (36) expr -> . NAME terms
    (37) expr -> . literal
    (38) expr -> . expr PLUS expr
    (39) expr -> . expr MINUS expr
    (40) expr -> . expr EQ expr
    (41) expr -> . expr NE expr
    (42) expr -> . expr LE expr
    (43) expr -> . expr GE expr
    (44) expr -> . expr LT expr
    (45) expr -> . expr GT expr
    (46) expr -> . expr STAR expr
    (47) expr -> . expr SLASH expr
    (48) expr -> . expr MODULO expr
    (49) expr -> . expr POW expr
    (50) expr -> . MINUS expr
    (51) expr -> . LPAREN expr RPAREN
    (54) literal -> . INT
    (55) literal -> . STRING
    (56) literal -> . FLOAT
    (57) literal -> . VAR

    NAME            shift and go to state 42
    MINUS           shift and go to state 9
    LPAREN          shift and go to state 10
    INT             shift and go to state 12
    STRING          shift and go to state 13
    FLOAT           shift and go to state 14
    VAR             shift and go to state 15

    expr                           shift and go to state 57
    literal                        shift and go to state 8

state 29

    (48) expr -> expr MODULO . expr
    (36) expr -> . NAME terms
    (37) expr -> . literal
    (38) expr -> . expr PLUS expr
    (39) expr -> . expr MINUS expr
    (40) expr -> . expr EQ expr
    (41) expr -> . expr NE expr
    (42) expr -> . expr LE expr
    (43) expr -> . expr GE expr
    (44) expr -> . expr LT expr
    (45) expr -> . expr GT expr
    (46) expr -> . expr STAR expr
    (47) expr -> . expr SLASH expr
    (48) expr -> . expr MODULO expr
    (49) expr -> . expr POW expr
    (50) expr -> . MINUS expr
    (51) expr -> . LPAREN expr RPAREN
    (54) literal -> . INT
    (55) literal -> . STRING
    (56) literal -> . FLOAT
    (57) literal -> . VAR

    NAME            shift and go to state 42
    MINUS           shift and go to state 9
    LPAREN          shift and go to state 10
    INT             shift and go to state 12
    STRING          shift and go to state 13
    FLOAT           shift and go to state 14
    VAR             shift and go to state 15

    expr                           shift and go to state 58
    literal                        shift and go to state 8

state 30

    (49) expr -> expr POW . expr
    (36) expr -> . NAME terms
    (37) expr -> . literal
    (38) expr -> . expr PLUS expr
    (39) expr -> . expr MINUS expr
    (40) expr -> . expr EQ expr
    (41) expr -> . expr NE expr
    (42) expr -> . expr LE expr
    (43) expr -> . expr GE expr
    (44) expr -> . expr LT expr
    (45) expr -> . expr GT expr
    (46) expr -> . expr STAR expr
    (47) expr -> . expr SLASH expr
    (48) expr -> . expr MODULO expr
    (49) expr -> . expr POW expr
    (50) expr -> . MINUS expr
    (51) expr -> . LPAREN expr RPAREN
    (54) literal -> . INT
    (55) literal -> . STRING
    (56) literal -> . FLOAT
    (57) literal -> . VAR

    NAME            shift and go to state 42
    MINUS           shift and go to state 9
    LPAREN          shift and go to state 10
    INT             shift and go to state 12
    STRING          shift and go to state 13
    FLOAT           shift and go to state 14
    VAR             shift and go to state 15

    expr                           shift and go to state 59
    literal                        shift and go to state 8

state 31

    (21) exprs_comma -> expr COMMA . exprs_comma
    (19) exprs_comma -> . expr
    (21) exprs_comma -> . expr COMMA exprs_comma
    (36) expr -> . NAME terms
    (37) expr -> . literal
    (38) expr -> . expr PLUS expr
    (39) expr -> . expr MINUS expr
    (40) expr -> . expr EQ expr
    (41) expr -> . expr NE expr
    (42) expr -> . expr LE expr
    (43) expr -> . expr GE expr
    (44) expr -> . expr LT expr
    (45) expr -> . expr GT expr
    (46) expr -> . expr STAR expr
    (47) expr -> . expr SLASH expr
    (48) expr -> . expr MODULO expr
    (49) expr -> . expr POW expr
    (50) expr -> . MINUS expr
    (51) expr -> . LPAREN expr RPAREN
    (54) literal -> . INT
    (55) literal -> . STRING
    (56) literal -> . FLOAT
    (57) literal -> . VAR

    NAME            shift and go to state 42
    MINUS           shift and go to state 9
    LPAREN          shift and go to state 10
    INT             shift and go to state 12
    STRING          shift and go to state 13
    FLOAT           shift and go to state 14
    VAR             shift and go to state 15

    expr                           shift and go to state 60
    exprs_comma                    shift and go to state 61
    literal                        shift and go to state 8

state 32

    (6) declaration -> exprs PSLASH . q_exprs DOT
    (7) declaration -> exprs PSLASH . q_exprs IMPLIED_BY body DOT
    (16) q_exprs -> .
    (18) q_exprs -> . q_exprs_comma
    (20) q_exprs_comma -> . q_expr
    (22) q_exprs_comma -> . q_expr COMMA q_exprs_comma
    (34) q_expr -> . QUESTION expr
    (35) q_expr -> . expr
    (36) expr -> . NAME terms
    (37) expr -> . literal
    (38) expr -> . expr PLUS expr
    (39) expr -> . expr MINUS expr
    (40) expr -> . expr EQ expr
    (41) expr -> . expr NE expr
    (42) expr -> . expr LE expr
    (43) expr -> . expr GE expr
    (44) expr -> . expr LT expr
    (45) expr -> . expr GT expr
    (46) expr -> . expr STAR expr
    (47) expr -> . expr SLASH expr
    (48) expr -> . expr MODULO expr
    (49) expr -> . expr POW expr
    (50) expr -> . MINUS expr
    (51) expr -> . LPAREN expr RPAREN
    (54) literal -> . INT
    (55) literal -> . STRING
    (56) literal -> . FLOAT
    (57) literal -> . VAR

    DOT             reduce using rule 16 (q_exprs -> .)
    IMPLIED_BY      reduce using rule 16 (q_exprs -> .)
    QUESTION        shift and go to state 65
    NAME            shift and go to state 42
    MINUS           shift and go to state 9
    LPAREN          shift and go to state 10
    INT             shift and go to state 12
    STRING          shift and go to state 13
    FLOAT           shift and go to state 14
    VAR             shift and go to state 15

    q_exprs                        shift and go to state 62
    q_exprs_comma                  shift and go to state 63
    q_expr                         shift and go to state 64
    expr                           shift and go to state 66
    literal                        shift and go to state 8

state 33

    (13) term -> NAME .

    NAME            reduce using rule 13 (term -> NAME .)
    LPAREN          reduce using rule 13 (term -> NAME .)
    LBRACKET        reduce using rule 13 (term -> NAME .)
    INT             reduce using rule 13 (term -> NAME .)
    STRING          reduce using rule 13 (term -> NAME .)
    FLOAT           reduce using rule 13 (term -> NAME .)
    VAR             reduce using rule 13 (term -> NAME .)
    DOT             reduce using rule 13 (term -> NAME .)
    IMPLIED_BY      reduce using rule 13 (term -> NAME .)
    PLUS            reduce using rule 13 (term -> NAME .)
    MINUS           reduce using rule 13 (term -> NAME .)
    EQ              reduce using rule 13 (term -> NAME .)
    NE              reduce using rule 13 (term -> NAME .)
    LE              reduce using rule 13 (term -> NAME .)
    GE              reduce using rule 13 (term -> NAME .)
    LT              reduce using rule 13 (term -> NAME .)
    GT              reduce using rule 13 (term -> NAME .)
    STAR            reduce using rule 13 (term -> NAME .)
    SLASH           reduce using rule 13 (term -> NAME .)
    MODULO          reduce using rule 13 (term -> NAME .)
    POW             reduce using rule 13 (term -> NAME .)
    COMMA           reduce using rule 13 (term -> NAME .)
    PSLASH          reduce using rule 13 (term -> NAME .)
    RPAREN          reduce using rule 13 (term -> NAME .)
    RBRACKET        reduce using rule 13 (term -> NAME .)
    RBRACE          reduce using rule 13 (term -> NAME .)
    BY              reduce using rule 13 (term -> NAME .)
    AS              reduce using rule 13 (term -> NAME .)
    COLON           reduce using rule 13 (term -> NAME .)


state 34

    (8) declaration -> NAME LBRACE . expr RBRACE DOT
    (9) declaration -> NAME LBRACE . expr RBRACE IMPLIED_BY body DOT
    (36) expr -> . NAME terms
    (37) expr -> . literal
    (38) expr -> . expr PLUS expr
    (39) expr -> . expr MINUS expr
    (40) expr -> . expr EQ expr
    (41) expr -> . expr NE expr
    (42) expr -> . expr LE expr
    (43) expr -> . expr GE expr
    (44) expr -> . expr LT expr
    (45) expr -> . expr GT expr
    (46) expr -> . expr STAR expr
    (47) expr -> . expr SLASH expr
    (48) expr -> . expr MODULO expr
    (49) expr -> . expr POW expr
    (50) expr -> . MINUS expr
    (51) expr -> . LPAREN expr RPAREN
    (54) literal -> . INT
    (55) literal -> . STRING
    (56) literal -> . FLOAT
    (57) literal -> . VAR

    NAME            shift and go to state 42
    MINUS           shift and go to state 9
    LPAREN          shift and go to state 10
    INT             shift and go to state 12
    STRING          shift and go to state 13
    FLOAT           shift and go to state 14
    VAR             shift and go to state 15

    expr                           shift and go to state 67
    literal                        shift and go to state 8

state 35

    (36) expr -> NAME terms .

    DOT             reduce using rule 36 (expr -> NAME terms .)
    IMPLIED_BY      reduce using rule 36 (expr -> NAME terms .)
    PLUS            reduce using rule 36 (expr -> NAME terms .)
    MINUS           reduce using rule 36 (expr -> NAME terms .)
    EQ              reduce using rule 36 (expr -> NAME terms .)
    NE              reduce using rule 36 (expr -> NAME terms .)
    LE              reduce using rule 36 (expr -> NAME terms .)
    GE              reduce using rule 36 (expr -> NAME terms .)
    LT              reduce using rule 36 (expr -> NAME terms .)
    GT              reduce using rule 36 (expr -> NAME terms .)
    STAR            reduce using rule 36 (expr -> NAME terms .)
    SLASH           reduce using rule 36 (expr -> NAME terms .)
    MODULO          reduce using rule 36 (expr -> NAME terms .)
    POW             reduce using rule 36 (expr -> NAME terms .)
    COMMA           reduce using rule 36 (expr -> NAME terms .)
    PSLASH          reduce using rule 36 (expr -> NAME terms .)
    RPAREN          reduce using rule 36 (expr -> NAME terms .)
    RBRACKET        reduce using rule 36 (expr -> NAME terms .)
    RBRACE          reduce using rule 36 (expr -> NAME terms .)


state 36

    (12) terms -> term . terms
    (11) terms -> .
    (12) terms -> . term terms
    (13) term -> . NAME
    (14) term -> . LPAREN expr RPAREN
    (52) term -> . LBRACKET exprs RBRACKET
    (53) term -> . literal
    (54) literal -> . INT
    (55) literal -> . STRING
    (56) literal -> . FLOAT
    (57) literal -> . VAR

    DOT             reduce using rule 11 (terms -> .)
    IMPLIED_BY      reduce using rule 11 (terms -> .)
    PLUS            reduce using rule 11 (terms -> .)
    MINUS           reduce using rule 11 (terms -> .)
    EQ              reduce using rule 11 (terms -> .)
    NE              reduce using rule 11 (terms -> .)
    LE              reduce using rule 11 (terms -> .)
    GE              reduce using rule 11 (terms -> .)
    LT              reduce using rule 11 (terms -> .)
    GT              reduce using rule 11 (terms -> .)
    STAR            reduce using rule 11 (terms -> .)
    SLASH           reduce using rule 11 (terms -> .)
    MODULO          reduce using rule 11 (terms -> .)
    POW             reduce using rule 11 (terms -> .)
    COMMA           reduce using rule 11 (terms -> .)
    PSLASH          reduce using rule 11 (terms -> .)
    RPAREN          reduce using rule 11 (terms -> .)
    RBRACKET        reduce using rule 11 (terms -> .)
    RBRACE          reduce using rule 11 (terms -> .)
    BY              reduce using rule 11 (terms -> .)
    AS              reduce using rule 11 (terms -> .)
    NAME            shift and go to state 33
    LPAREN          shift and go to state 37
    LBRACKET        shift and go to state 38
    INT             shift and go to state 12
    STRING          shift and go to state 13
    FLOAT           shift and go to state 14
    VAR             shift and go to state 15

    term                           shift and go to state 36
    terms                          shift and go to state 68
    literal                        shift and go to state 39

state 37

    (14) term -> LPAREN . expr RPAREN
    (36) expr -> . NAME terms
    (37) expr -> . literal
    (38) expr -> . expr PLUS expr
    (39) expr -> . expr MINUS expr
    (40) expr -> . expr EQ expr
    (41) expr -> . expr NE expr
    (42) expr -> . expr LE expr
    (43) expr -> . expr GE expr
    (44) expr -> . expr LT expr
    (45) expr -> . expr GT expr
    (46) expr -> . expr STAR expr
    (47) expr -> . expr SLASH expr
    (48) expr -> . expr MODULO expr
    (49) expr -> . expr POW expr
    (50) expr -> . MINUS expr
    (51) expr -> . LPAREN expr RPAREN
    (54) literal -> . INT
    (55) literal -> . STRING
    (56) literal -> . FLOAT
    (57) literal -> . VAR

    NAME            shift and go to state 42
    MINUS           shift and go to state 9
    LPAREN          shift and go to state 10
    INT             shift and go to state 12
    STRING          shift and go to state 13
    FLOAT           shift and go to state 14
    VAR             shift and go to state 15

    expr                           shift and go to state 69
    literal                        shift and go to state 8

state 38

    (52) term -> LBRACKET . exprs RBRACKET
    (15) exprs -> .
    (17) exprs -> . exprs_comma
    (19) exprs_comma -> . expr
    (21) exprs_comma -> . expr COMMA exprs_comma
    (36) expr -> . NAME terms
    (37) expr -> . literal
    (38) expr -> . expr PLUS expr
    (39) expr -> . expr MINUS expr
    (40) expr -> . expr EQ expr
    (41) expr -> . expr NE expr
    (42) expr -> . expr LE expr
    (43) expr -> . expr GE expr
    (44) expr -> . expr LT expr
    (45) expr -> . expr GT expr
    (46) expr -> . expr STAR expr
    (47) expr -> . expr SLASH expr
    (48) expr -> . expr MODULO expr
    (49) expr -> . expr POW expr
    (50) expr -> . MINUS expr
    (51) expr -> . LPAREN expr RPAREN
    (54) literal -> . INT
    (55) literal -> . STRING
    (56) literal -> . FLOAT
    (57) literal -> . VAR

    RBRACKET        reduce using rule 15 (exprs -> .)
    NAME            shift and go to state 42
    MINUS           shift and go to state 9
    LPAREN          shift and go to state 10
    INT             shift and go to state 12
    STRING          shift and go to state 13
    FLOAT           shift and go to state 14
    VAR             shift and go to state 15

    exprs                          shift and go to state 70
    exprs_comma                    shift and go to state 11
    expr                           shift and go to state 60
    literal                        shift and go to state 8

state 39

    (53) term -> literal .

    NAME            reduce using rule 53 (term -> literal .)
    LPAREN          reduce using rule 53 (term -> literal .)
    LBRACKET        reduce using rule 53 (term -> literal .)
    INT             reduce using rule 53 (term -> literal .)
    STRING          reduce using rule 53 (term -> literal .)
    FLOAT           reduce using rule 53 (term -> literal .)
    VAR             reduce using rule 53 (term -> literal .)
    DOT             reduce using rule 53 (term -> literal .)
    IMPLIED_BY      reduce using rule 53 (term -> literal .)
    PLUS            reduce using rule 53 (term -> literal .)
    MINUS           reduce using rule 53 (term -> literal .)
    EQ              reduce using rule 53 (term -> literal .)
    NE              reduce using rule 53 (term -> literal .)
    LE              reduce using rule 53 (term -> literal .)
    GE              reduce using rule 53 (term -> literal .)
    LT              reduce using rule 53 (term -> literal .)
    GT              reduce using rule 53 (term -> literal .)
    STAR            reduce using rule 53 (term -> literal .)
    SLASH           reduce using rule 53 (term -> literal .)
    MODULO          reduce using rule 53 (term -> literal .)
    POW             reduce using rule 53 (term -> literal .)
    COMMA           reduce using rule 53 (term -> literal .)
    PSLASH          reduce using rule 53 (term -> literal .)
    RPAREN          reduce using rule 53 (term -> literal .)
    RBRACKET        reduce using rule 53 (term -> literal .)
    RBRACE          reduce using rule 53 (term -> literal .)
    BY              reduce using rule 53 (term -> literal .)
    AS              reduce using rule 53 (term -> literal .)
    COLON           reduce using rule 53 (term -> literal .)


state 40

    (10) declaration -> AT NAME . NAME DOT

    NAME            shift and go to state 71


state 41

    (50) expr -> MINUS expr .
    (38) expr -> expr . PLUS expr
    (39) expr -> expr . MINUS expr
    (40) expr -> expr . EQ expr
    (41) expr -> expr . NE expr
    (42) expr -> expr . LE expr
    (43) expr -> expr . GE expr
    (44) expr -> expr . LT expr
    (45) expr -> expr . GT expr
    (46) expr -> expr . STAR expr
    (47) expr -> expr . SLASH expr
    (48) expr -> expr . MODULO expr
    (49) expr -> expr . POW expr

    DOT             reduce using rule 50 (expr -> MINUS expr .)
    IMPLIED_BY      reduce using rule 50 (expr -> MINUS expr .)
    PLUS            reduce using rule 50 (expr -> MINUS expr .)
    MINUS           reduce using rule 50 (expr -> MINUS expr .)
    EQ              reduce using rule 50 (expr -> MINUS expr .)
    NE              reduce using rule 50 (expr -> MINUS expr .)
    LE              reduce using rule 50 (expr -> MINUS expr .)
    GE              reduce using rule 50 (expr -> MINUS expr .)
    LT              reduce using rule 50 (expr -> MINUS expr .)
    GT              reduce using rule 50 (expr -> MINUS expr .)
    COMMA           reduce using rule 50 (expr -> MINUS expr .)
    PSLASH          reduce using rule 50 (expr -> MINUS expr .)
    RPAREN          reduce using rule 50 (expr -> MINUS expr .)
    RBRACKET        reduce using rule 50 (expr -> MINUS expr .)
    RBRACE          reduce using rule 50 (expr -> MINUS expr .)
    STAR            shift and go to state 27
    SLASH           shift and go to state 28
    MODULO          shift and go to state 29
    POW             shift and go to state 30

  ! STAR            [ reduce using rule 50 (expr -> MINUS expr .) ]
  ! SLASH           [ reduce using rule 50 (expr -> MINUS expr .) ]
  ! MODULO          [ reduce using rule 50 (expr -> MINUS expr .) ]
  ! POW             [ reduce using rule 50 (expr -> MINUS expr .) ]
  ! PLUS            [ shift and go to state 19 ]
  ! MINUS           [ shift and go to state 20 ]
  ! EQ              [ shift and go to state 21 ]
  ! NE              [ shift and go to state 22 ]
  ! LE              [ shift and go to state 23 ]
  ! GE              [ shift and go to state 24 ]
  ! LT              [ shift and go to state 25 ]
  ! GT              [ shift and go to state 26 ]


state 42

    (36) expr -> NAME . terms
    (11) terms -> .
    (12) terms -> . term terms
    (13) term -> . NAME
    (14) term -> . LPAREN expr RPAREN
    (52) term -> . LBRACKET exprs RBRACKET
    (53) term -> . literal
    (54) literal -> . INT
    (55) literal -> . STRING
    (56) literal -> . FLOAT
    (57) literal -> . VAR

    PLUS            reduce using rule 11 (terms -> .)
    MINUS           reduce using rule 11 (terms -> .)
    EQ              reduce using rule 11 (terms -> .)
    NE              reduce using rule 11 (terms -> .)
    LE              reduce using rule 11 (terms -> .)
    GE              reduce using rule 11 (terms -> .)
    LT              reduce using rule 11 (terms -> .)
    GT              reduce using rule 11 (terms -> .)
    STAR            reduce using rule 11 (terms -> .)
    SLASH           reduce using rule 11 (terms -> .)
    MODULO          reduce using rule 11 (terms -> .)
    POW             reduce using rule 11 (terms -> .)
    DOT             reduce using rule 11 (terms -> .)
    IMPLIED_BY      reduce using rule 11 (terms -> .)
    COMMA           reduce using rule 11 (terms -> .)
    PSLASH          reduce using rule 11 (terms -> .)
    RPAREN          reduce using rule 11 (terms -> .)
    RBRACKET        reduce using rule 11 (terms -> .)
    RBRACE          reduce using rule 11 (terms -> .)
    NAME            shift and go to state 33
    LPAREN          shift and go to state 37
    LBRACKET        shift and go to state 38
    INT             shift and go to state 12
    STRING          shift and go to state 13
    FLOAT           shift and go to state 14
    VAR             shift and go to state 15

    terms                          shift and go to state 35
    term                           shift and go to state 36
    literal                        shift and go to state 39

state 43

    (51) expr -> LPAREN expr . RPAREN
    (38) expr -> expr . PLUS expr
    (39) expr -> expr . MINUS expr
    (40) expr -> expr . EQ expr
    (41) expr -> expr . NE expr
    (42) expr -> expr . LE expr
    (43) expr -> expr . GE expr
    (44) expr -> expr . LT expr
    (45) expr -> expr . GT expr
    (46) expr -> expr . STAR expr
    (47) expr -> expr . SLASH expr
    (48) expr -> expr . MODULO expr
    (49) expr -> expr . POW expr

    RPAREN          shift and go to state 72
    PLUS            shift and go to state 19
    MINUS           shift and go to state 20
    EQ              shift and go to state 21
    NE              shift and go to state 22
    LE              shift and go to state 23
    GE              shift and go to state 24
    LT              shift and go to state 25
    GT              shift and go to state 26
    STAR            shift and go to state 27
    SLASH           shift and go to state 28
    MODULO          shift and go to state 29
    POW             shift and go to state 30


state 44

    (23) body -> expr .
    (25) body -> expr . COMMA body
    (38) expr -> expr . PLUS expr
    (39) expr -> expr . MINUS expr
    (40) expr -> expr . EQ expr
    (41) expr -> expr . NE expr
    (42) expr -> expr . LE expr
    (43) expr -> expr . GE expr
    (44) expr -> expr . LT expr
    (45) expr -> expr . GT expr
    (46) expr -> expr . STAR expr
    (47) expr -> expr . SLASH expr
    (48) expr -> expr . MODULO expr
    (49) expr -> expr . POW expr

    DOT             reduce using rule 23 (body -> expr .)
    COMMA           shift and go to state 73
    PLUS            shift and go to state 19
    MINUS           shift and go to state 20
    EQ              shift and go to state 21
    NE              shift and go to state 22
    LE              shift and go to state 23
    GE              shift and go to state 24
    LT              shift and go to state 25
    GT              shift and go to state 26
    STAR            shift and go to state 27
    SLASH           shift and go to state 28
    MODULO          shift and go to state 29
    POW             shift and go to state 30


state 45

    (5) declaration -> expr IMPLIED_BY body . DOT

    DOT             shift and go to state 74


state 46

    (24) body -> window .
    (26) body -> window . COMMA body

    DOT             reduce using rule 24 (body -> window .)
    COMMA           shift and go to state 75


state 47

    (27) window -> SET . vars operators
    (28) vars -> . VAR
    (29) vars -> . VAR vars

    VAR             shift and go to state 77

    vars                           shift and go to state 76

state 48

    (38) expr -> expr PLUS expr .
    (38) expr -> expr . PLUS expr
    (39) expr -> expr . MINUS expr
    (40) expr -> expr . EQ expr
    (41) expr -> expr . NE expr
    (42) expr -> expr . LE expr
    (43) expr -> expr . GE expr
    (44) expr -> expr . LT expr
    (45) expr -> expr . GT expr
    (46) expr -> expr . STAR expr
    (47) expr -> expr . SLASH expr
    (48) expr -> expr . MODULO expr
    (49) expr -> expr . POW expr

    DOT             reduce using rule 38 (expr -> expr PLUS expr .)
    IMPLIED_BY      reduce using rule 38 (expr -> expr PLUS expr .)
    PLUS            reduce using rule 38 (expr -> expr PLUS expr .)
    MINUS           reduce using rule 38 (expr -> expr PLUS expr .)
    EQ              reduce using rule 38 (expr -> expr PLUS expr .)
    NE              reduce using rule 38 (expr -> expr PLUS expr .)
    LE              reduce using rule 38 (expr -> expr PLUS expr .)
    GE              reduce using rule 38 (expr -> expr PLUS expr .)
    LT              reduce using rule 38 (expr -> expr PLUS expr .)
    GT              reduce using rule 38 (expr -> expr PLUS expr .)
    COMMA           reduce using rule 38 (expr -> expr PLUS expr .)
    PSLASH          reduce using rule 38 (expr -> expr PLUS expr .)
    RPAREN          reduce using rule 38 (expr -> expr PLUS expr .)
    RBRACKET        reduce using rule 38 (expr -> expr PLUS expr .)
    RBRACE          reduce using rule 38 (expr -> expr PLUS expr .)
    STAR            shift and go to state 27
    SLASH           shift and go to state 28
    MODULO          shift and go to state 29
    POW             shift and go to state 30

  ! STAR            [ reduce using rule 38 (expr -> expr PLUS expr .) ]
  ! SLASH           [ reduce using rule 38 (expr -> expr PLUS expr .) ]
  ! MODULO          [ reduce using rule 38 (expr -> expr PLUS expr .) ]
  ! POW             [ reduce using rule 38 (expr -> expr PLUS expr .) ]
  ! PLUS            [ shift and go to state 19 ]
  ! MINUS           [ shift and go to state 20 ]
  ! EQ              [ shift and go to state 21 ]
  ! NE              [ shift and go to state 22 ]
  ! LE              [ shift and go to state 23 ]
  ! GE              [ shift and go to state 24 ]
  ! LT              [ shift and go to state 25 ]
  ! GT              [ shift and go to state 26 ]


state 49

    (39) expr -> expr MINUS expr .
    (38) expr -> expr . PLUS expr
    (39) expr -> expr . MINUS expr
    (40) expr -> expr . EQ expr
    (41) expr -> expr . NE expr
    (42) expr -> expr . LE expr
    (43) expr -> expr . GE expr
    (44) expr -> expr . LT expr
    (45) expr -> expr . GT expr
    (46) expr -> expr . STAR expr
    (47) expr -> expr . SLASH expr
    (48) expr -> expr . MODULO expr
    (49) expr -> expr . POW expr

    DOT             reduce using rule 39 (expr -> expr MINUS expr .)
    IMPLIED_BY      reduce using rule 39 (expr -> expr MINUS expr .)
    PLUS            reduce using rule 39 (expr -> expr MINUS expr .)
    MINUS           reduce using rule 39 (expr -> expr MINUS expr .)
    EQ              reduce using rule 39 (expr -> expr MINUS expr .)
    NE              reduce using rule 39 (expr -> expr MINUS expr .)
    LE              reduce using rule 39 (expr -> expr MINUS expr .)
    GE              reduce using rule 39 (expr -> expr MINUS expr .)
    LT              reduce using rule 39 (expr -> expr MINUS expr .)
    GT              reduce using rule 39 (expr -> expr MINUS expr .)
    COMMA           reduce using rule 39 (expr -> expr MINUS expr .)
    PSLASH          reduce using rule 39 (expr -> expr MINUS expr .)
    RPAREN          reduce using rule 39 (expr -> expr MINUS expr .)
    RBRACKET        reduce using rule 39 (expr -> expr MINUS expr .)
    RBRACE          reduce using rule 39 (expr -> expr MINUS expr .)
    STAR            shift and go to state 27
    SLASH           shift and go to state 28
    MODULO          shift and go to state 29
    POW             shift and go to state 30

  ! STAR            [ reduce using rule 39 (expr -> expr MINUS expr .) ]
  ! SLASH           [ reduce using rule 39 (expr -> expr MINUS expr .) ]
  ! MODULO          [ reduce using rule 39 (expr -> expr MINUS expr .) ]
  ! POW             [ reduce using rule 39 (expr -> expr MINUS expr .) ]
  ! PLUS            [ shift and go to state 19 ]
  ! MINUS           [ shift and go to state 20 ]
  ! EQ              [ shift and go to state 21 ]
  ! NE              [ shift and go to state 22 ]
  ! LE              [ shift and go to state 23 ]
  ! GE              [ shift and go to state 24 ]
  ! LT              [ shift and go to state 25 ]
  ! GT              [ shift and go to state 26 ]


state 50

    (40) expr -> expr EQ expr .
    (38) expr -> expr . PLUS expr
    (39) expr -> expr . MINUS expr
    (40) expr -> expr . EQ expr
    (41) expr -> expr . NE expr
    (42) expr -> expr . LE expr
    (43) expr -> expr . GE expr
    (44) expr -> expr . LT expr
    (45) expr -> expr . GT expr
    (46) expr -> expr . STAR expr
    (47) expr -> expr . SLASH expr
    (48) expr -> expr . MODULO expr
    (49) expr -> expr . POW expr

    DOT             reduce using rule 40 (expr -> expr EQ expr .)
    IMPLIED_BY      reduce using rule 40 (expr -> expr EQ expr .)
    EQ              reduce using rule 40 (expr -> expr EQ expr .)
    NE              reduce using rule 40 (expr -> expr EQ expr .)
    LE              reduce using rule 40 (expr -> expr EQ expr .)
    GE              reduce using rule 40 (expr -> expr EQ expr .)
    LT              reduce using rule 40 (expr -> expr EQ expr .)
    GT              reduce using rule 40 (expr -> expr EQ expr .)
    COMMA           reduce using rule 40 (expr -> expr EQ expr .)
    PSLASH          reduce using rule 40 (expr -> expr EQ expr .)
    RPAREN          reduce using rule 40 (expr -> expr EQ expr .)
    RBRACKET        reduce using rule 40 (expr -> expr EQ expr .)
    RBRACE          reduce using rule 40 (expr -> expr EQ expr .)
    PLUS            shift and go to state 19
    MINUS           shift and go to state 20
    STAR            shift and go to state 27
    SLASH           shift and go to state 28
    MODULO          shift and go to state 29
    POW             shift and go to state 30

  ! PLUS            [ reduce using rule 40 (expr -> expr EQ expr .) ]
  ! MINUS           [ reduce using rule 40 (expr -> expr EQ expr .) ]
  ! STAR            [ reduce using rule 40 (expr -> expr EQ expr .) ]
  ! SLASH           [ reduce using rule 40 (expr -> expr EQ expr .) ]
  ! MODULO          [ reduce using rule 40 (expr -> expr EQ expr .) ]
  ! POW             [ reduce using rule 40 (expr -> expr EQ expr .) ]
  ! EQ              [ shift and go to state 21 ]
  ! NE              [ shift and go to state 22 ]
  ! LE              [ shift and go to state 23 ]
  ! GE              [ shift and go to state 24 ]
  ! LT              [ shift and go to state 25 ]
  ! GT              [ shift and go to state 26 ]


state 51

    (41) expr -> expr NE expr .
    (38) expr -> expr . PLUS expr
    (39) expr -> expr . MINUS expr
    (40) expr -> expr . EQ expr
    (41) expr -> expr . NE expr
    (42) expr -> expr . LE expr
    (43) expr -> expr . GE expr
    (44) expr -> expr . LT expr
    (45) expr -> expr . GT expr
    (46) expr -> expr . STAR expr
    (47) expr -> expr . SLASH expr
    (48) expr -> expr . MODULO expr
    (49) expr -> expr . POW expr

    DOT             reduce using rule 41 (expr -> expr NE expr .)
    IMPLIED_BY      reduce using rule 41 (expr -> expr NE expr .)
    EQ              reduce using rule 41 (expr -> expr NE expr .)
    NE              reduce using rule 41 (expr -> expr NE expr .)
    LE              reduce using rule 41 (expr -> expr NE expr .)
    GE              reduce using rule 41 (expr -> expr NE expr .)
    LT              reduce using rule 41 (expr -> expr NE expr .)
    GT              reduce using rule 41 (expr -> expr NE expr .)
    COMMA           reduce using rule 41 (expr -> expr NE expr .)
    PSLASH          reduce using rule 41 (expr -> expr NE expr .)
    RPAREN          reduce using rule 41 (expr -> expr NE expr .)
    RBRACKET        reduce using rule 41 (expr -> expr NE expr .)
    RBRACE          reduce using rule 41 (expr -> expr NE expr .)
    PLUS            shift and go to state 19
    MINUS           shift and go to state 20
    STAR            shift and go to state 27
    SLASH           shift and go to state 28
    MODULO          shift and go to state 29
    POW             shift and go to state 30

  ! PLUS            [ reduce using rule 41 (expr -> expr NE expr .) ]
  ! MINUS           [ reduce using rule 41 (expr -> expr NE expr .) ]
  ! STAR            [ reduce using rule 41 (expr -> expr NE expr .) ]
  ! SLASH           [ reduce using rule 41 (expr -> expr NE expr .) ]
  ! MODULO          [ reduce using rule 41 (expr -> expr NE expr .) ]
  ! POW             [ reduce using rule 41 (expr -> expr NE expr .) ]
  ! EQ              [ shift and go to state 21 ]
  ! NE              [ shift and go to state 22 ]
  ! LE              [ shift and go to state 23 ]
  ! GE              [ shift and go to state 24 ]
  ! LT              [ shift and go to state 25 ]
  ! GT              [ shift and go to state 26 ]


state 52

    (42) expr -> expr LE expr .
    (38) expr -> expr . PLUS expr
    (39) expr -> expr . MINUS expr
    (40) expr -> expr . EQ expr
    (41) expr -> expr . NE expr
    (42) expr -> expr . LE expr
    (43) expr -> expr . GE expr
    (44) expr -> expr . LT expr
    (45) expr -> expr . GT expr
    (46) expr -> expr . STAR expr
    (47) expr -> expr . SLASH expr
    (48) expr -> expr . MODULO expr
    (49) expr -> expr . POW expr

    DOT             reduce using rule 42 (expr -> expr LE expr .)
    IMPLIED_BY      reduce using rule 42 (expr -> expr LE expr .)
    EQ              reduce using rule 42 (expr -> expr LE expr .)
    NE              reduce using rule 42 (expr -> expr LE expr .)
    LE              reduce using rule 42 (expr -> expr LE expr .)
    GE              reduce using rule 42 (expr -> expr LE expr .)
    LT              reduce using rule 42 (expr -> expr LE expr .)
    GT              reduce using rule 42 (expr -> expr LE expr .)
    COMMA           reduce using rule 42 (expr -> expr LE expr .)
    PSLASH          reduce using rule 42 (expr -> expr LE expr .)
    RPAREN          reduce using rule 42 (expr -> expr LE expr .)
    RBRACKET        reduce using rule 42 (expr -> expr LE expr .)
    RBRACE          reduce using rule 42 (expr -> expr LE expr .)
    PLUS            shift and go to state 19
    MINUS           shift and go to state 20
    STAR            shift and go to state 27
    SLASH           shift and go to state 28
    MODULO          shift and go to state 29
    POW             shift and go to state 30

  ! PLUS            [ reduce using rule 42 (expr -> expr LE expr .) ]
  ! MINUS           [ reduce using rule 42 (expr -> expr LE expr .) ]
  ! STAR            [ reduce using rule 42 (expr -> expr LE expr .) ]
  ! SLASH           [ reduce using rule 42 (expr -> expr LE expr .) ]
  ! MODULO          [ reduce using rule 42 (expr -> expr LE expr .) ]
  ! POW             [ reduce using rule 42 (expr -> expr LE expr .) ]
  ! EQ              [ shift and go to state 21 ]
  ! NE              [ shift and go to state 22 ]
  ! LE              [ shift and go to state 23 ]
  ! GE              [ shift and go to state 24 ]
  ! LT              [ shift and go to state 25 ]
  ! GT              [ shift and go to state 26 ]


state 53

    (43) expr -> expr GE expr .
    (38) expr -> expr . PLUS expr
    (39) expr -> expr . MINUS expr
    (40) expr -> expr . EQ expr
    (41) expr -> expr . NE expr
    (42) expr -> expr . LE expr
    (43) expr -> expr . GE expr
    (44) expr -> expr . LT expr
    (45) expr -> expr . GT expr
    (46) expr -> expr . STAR expr
    (47) expr -> expr . SLASH expr
    (48) expr -> expr . MODULO expr
    (49) expr -> expr . POW expr

    DOT             reduce using rule 43 (expr -> expr GE expr .)
    IMPLIED_BY      reduce using rule 43 (expr -> expr GE expr .)
    EQ              reduce using rule 43 (expr -> expr GE expr .)
    NE              reduce using rule 43 (expr -> expr GE expr .)
    LE              reduce using rule 43 (expr -> expr GE expr .)
    GE              reduce using rule 43 (expr -> expr GE expr .)
    LT              reduce using rule 43 (expr -> expr GE expr .)
    GT              reduce using rule 43 (expr -> expr GE expr .)
    COMMA           reduce using rule 43 (expr -> expr GE expr .)
    PSLASH          reduce using rule 43 (expr -> expr GE expr .)
    RPAREN          reduce using rule 43 (expr -> expr GE expr .)
    RBRACKET        reduce using rule 43 (expr -> expr GE expr .)
    RBRACE          reduce using rule 43 (expr -> expr GE expr .)
    PLUS            shift and go to state 19
    MINUS           shift and go to state 20
    STAR            shift and go to state 27
    SLASH           shift and go to state 28
    MODULO          shift and go to state 29
    POW             shift and go to state 30

  ! PLUS            [ reduce using rule 43 (expr -> expr GE expr .) ]
  ! MINUS           [ reduce using rule 43 (expr -> expr GE expr .) ]
  ! STAR            [ reduce using rule 43 (expr -> expr GE expr .) ]
  ! SLASH           [ reduce using rule 43 (expr -> expr GE expr .) ]
  ! MODULO          [ reduce using rule 43 (expr -> expr GE expr .) ]
  ! POW             [ reduce using rule 43 (expr -> expr GE expr .) ]
  ! EQ              [ shift and go to state 21 ]
  ! NE              [ shift and go to state 22 ]
  ! LE              [ shift and go to state 23 ]
  ! GE              [ shift and go to state 24 ]
  ! LT              [ shift and go to state 25 ]
  ! GT              [ shift and go to state 26 ]


state 54

    (44) expr -> expr LT expr .
    (38) expr -> expr . PLUS expr
    (39) expr -> expr . MINUS expr
    (40) expr -> expr . EQ expr
    (41) expr -> expr . NE expr
    (42) expr -> expr . LE expr
    (43) expr -> expr . GE expr
    (44) expr -> expr . LT expr
    (45) expr -> expr . GT expr
    (46) expr -> expr . STAR expr
    (47) expr -> expr . SLASH expr
    (48) expr -> expr . MODULO expr
    (49) expr -> expr . POW expr

    DOT             reduce using rule 44 (expr -> expr LT expr .)
    IMPLIED_BY      reduce using rule 44 (expr -> expr LT expr .)
    EQ              reduce using rule 44 (expr -> expr LT expr .)
    NE              reduce using rule 44 (expr -> expr LT expr .)
    LE              reduce using rule 44 (expr -> expr LT expr .)
    GE              reduce using rule 44 (expr -> expr LT expr .)
    LT              reduce using rule 44 (expr -> expr LT expr .)
    GT              reduce using rule 44 (expr -> expr LT expr .)
    COMMA           reduce using rule 44 (expr -> expr LT expr .)
    PSLASH          reduce using rule 44 (expr -> expr LT expr .)
    RPAREN          reduce using rule 44 (expr -> expr LT expr .)
    RBRACKET        reduce using rule 44 (expr -> expr LT expr .)
    RBRACE          reduce using rule 44 (expr -> expr LT expr .)
    PLUS            shift and go to state 19
    MINUS           shift and go to state 20
    STAR            shift and go to state 27
    SLASH           shift and go to state 28
    MODULO          shift and go to state 29
    POW             shift and go to state 30

  ! PLUS            [ reduce using rule 44 (expr -> expr LT expr .) ]
  ! MINUS           [ reduce using rule 44 (expr -> expr LT expr .) ]
  ! STAR            [ reduce using rule 44 (expr -> expr LT expr .) ]
  ! SLASH           [ reduce using rule 44 (expr -> expr LT expr .) ]
  ! MODULO          [ reduce using rule 44 (expr -> expr LT expr .) ]
  ! POW             [ reduce using rule 44 (expr -> expr LT expr .) ]
  ! EQ              [ shift and go to state 21 ]
  ! NE              [ shift and go to state 22 ]
  ! LE              [ shift and go to state 23 ]
  ! GE              [ shift and go to state 24 ]
  ! LT              [ shift and go to state 25 ]
  ! GT              [ shift and go to state 26 ]


state 55

    (45) expr -> expr GT expr .
    (38) expr -> expr . PLUS expr
    (39) expr -> expr . MINUS expr
    (40) expr -> expr . EQ expr
    (41) expr -> expr . NE expr
    (42) expr -> expr . LE expr
    (43) expr -> expr . GE expr
    (44) expr -> expr . LT expr
    (45) expr -> expr . GT expr
    (46) expr -> expr . STAR expr
    (47) expr -> expr . SLASH expr
    (48) expr -> expr . MODULO expr
    (49) expr -> expr . POW expr

    DOT             reduce using rule 45 (expr -> expr GT expr .)
    IMPLIED_BY      reduce using rule 45 (expr -> expr GT expr .)
    EQ              reduce using rule 45 (expr -> expr GT expr .)
    NE              reduce using rule 45 (expr -> expr GT expr .)
    LE              reduce using rule 45 (expr -> expr GT expr .)
    GE              reduce using rule 45 (expr -> expr GT expr .)
    LT              reduce using rule 45 (expr -> expr GT expr .)
    GT              reduce using rule 45 (expr -> expr GT expr .)
    COMMA           reduce using rule 45 (expr -> expr GT expr .)
    PSLASH          reduce using rule 45 (expr -> expr GT expr .)
    RPAREN          reduce using rule 45 (expr -> expr GT expr .)
    RBRACKET        reduce using rule 45 (expr -> expr GT expr .)
    RBRACE          reduce using rule 45 (expr -> expr GT expr .)
    PLUS            shift and go to state 19
    MINUS           shift and go to state 20
    STAR            shift and go to state 27
    SLASH           shift and go to state 28
    MODULO          shift and go to state 29
    POW             shift and go to state 30

  ! PLUS            [ reduce using rule 45 (expr -> expr GT expr .) ]
  ! MINUS           [ reduce using rule 45 (expr -> expr GT expr .) ]
  ! STAR            [ reduce using rule 45 (expr -> expr GT expr .) ]
  ! SLASH           [ reduce using rule 45 (expr -> expr GT expr .) ]
  ! MODULO          [ reduce using rule 45 (expr -> expr GT expr .) ]
  ! POW             [ reduce using rule 45 (expr -> expr GT expr .) ]
  ! EQ              [ shift and go to state 21 ]
  ! NE              [ shift and go to state 22 ]
  ! LE              [ shift and go to state 23 ]
  ! GE              [ shift and go to state 24 ]
  ! LT              [ shift and go to state 25 ]
  ! GT              [ shift and go to state 26 ]


state 56

    (46) expr -> expr STAR expr .
    (38) expr -> expr . PLUS expr
    (39) expr -> expr . MINUS expr
    (40) expr -> expr . EQ expr
    (41) expr -> expr . NE expr
    (42) expr -> expr . LE expr
    (43) expr -> expr . GE expr
    (44) expr -> expr . LT expr
    (45) expr -> expr . GT expr
    (46) expr -> expr . STAR expr
    (47) expr -> expr . SLASH expr
    (48) expr -> expr . MODULO expr
    (49) expr -> expr . POW expr

    DOT             reduce using rule 46 (expr -> expr STAR expr .)
    IMPLIED_BY      reduce using rule 46 (expr -> expr STAR expr .)
    PLUS            reduce using rule 46 (expr -> expr STAR expr .)
    MINUS           reduce using rule 46 (expr -> expr STAR expr .)
    EQ              reduce using rule 46 (expr -> expr STAR expr .)
    NE              reduce using rule 46 (expr -> expr STAR expr .)
    LE              reduce using rule 46 (expr -> expr STAR expr .)
    GE              reduce using rule 46 (expr -> expr STAR expr .)
    LT              reduce using rule 46 (expr -> expr STAR expr .)
    GT              reduce using rule 46 (expr -> expr STAR expr .)
    STAR            reduce using rule 46 (expr -> expr STAR expr .)
    SLASH           reduce using rule 46 (expr -> expr STAR expr .)
    MODULO          reduce using rule 46 (expr -> expr STAR expr .)
    COMMA           reduce using rule 46 (expr -> expr STAR expr .)
    PSLASH          reduce using rule 46 (expr -> expr STAR expr .)
    RPAREN          reduce using rule 46 (expr -> expr STAR expr .)
    RBRACKET        reduce using rule 46 (expr -> expr STAR expr .)
    RBRACE          reduce using rule 46 (expr -> expr STAR expr .)
    POW             shift and go to state 30

  ! POW             [ reduce using rule 46 (expr -> expr STAR expr .) ]
  ! PLUS            [ shift and go to state 19 ]
  ! MINUS           [ shift and go to state 20 ]
  ! EQ              [ shift and go to state 21 ]
  ! NE              [ shift and go to state 22 ]
  ! LE              [ shift and go to state 23 ]
  ! GE              [ shift and go to state 24 ]
  ! LT              [ shift and go to state 25 ]
  ! GT              [ shift and go to state 26 ]
  ! STAR            [ shift and go to state 27 ]
  ! SLASH           [ shift and go to state 28 ]
  ! MODULO          [ shift and go to state 29 ]


state 57

    (47) expr -> expr SLASH expr .
    (38) expr -> expr . PLUS expr
    (39) expr -> expr . MINUS expr
    (40) expr -> expr . EQ expr
    (41) expr -> expr . NE expr
    (42) expr -> expr . LE expr
    (43) expr -> expr . GE expr
    (44) expr -> expr . LT expr
    (45) expr -> expr . GT expr
    (46) expr -> expr . STAR expr
    (47) expr -> expr . SLASH expr
    (48) expr -> expr . MODULO expr
    (49) expr -> expr . POW expr

    DOT             reduce using rule 47 (expr -> expr SLASH expr .)
    IMPLIED_BY      reduce using rule 47 (expr -> expr SLASH expr .)
    PLUS            reduce using rule 47 (expr -> expr SLASH expr .)
    MINUS           reduce using rule 47 (expr -> expr SLASH expr .)
    EQ              reduce using rule 47 (expr -> expr SLASH expr .)
    NE              reduce using rule 47 (expr -> expr SLASH expr .)
    LE              reduce using rule 47 (expr -> expr SLASH expr .)
    GE              reduce using rule 47 (expr -> expr SLASH expr .)
    LT              reduce using rule 47 (expr -> expr SLASH expr .)
    GT              reduce using rule 47 (expr -> expr SLASH expr .)
    STAR            reduce using rule 47 (expr -> expr SLASH expr .)
    SLASH           reduce using rule 47 (expr -> expr SLASH expr .)
    MODULO          reduce using rule 47 (expr -> expr SLASH expr .)
    COMMA           reduce using rule 47 (expr -> expr SLASH expr .)
    PSLASH          reduce using rule 47 (expr -> expr SLASH expr .)
    RPAREN          reduce using rule 47 (expr -> expr SLASH expr .)
    RBRACKET        reduce using rule 47 (expr -> expr SLASH expr .)
    RBRACE          reduce using rule 47 (expr -> expr SLASH expr .)
    POW             shift and go to state 30

  ! POW             [ reduce using rule 47 (expr -> expr SLASH expr .) ]
  ! PLUS            [ shift and go to state 19 ]
  ! MINUS           [ shift and go to state 20 ]
  ! EQ              [ shift and go to state 21 ]
  ! NE              [ shift and go to state 22 ]
  ! LE              [ shift and go to state 23 ]
  ! GE              [ shift and go to state 24 ]
  ! LT              [ shift and go to state 25 ]
  ! GT              [ shift and go to state 26 ]
  ! STAR            [ shift and go to state 27 ]
  ! SLASH           [ shift and go to state 28 ]
  ! MODULO          [ shift and go to state 29 ]


state 58

    (48) expr -> expr MODULO expr .
    (38) expr -> expr . PLUS expr
    (39) expr -> expr . MINUS expr
    (40) expr -> expr . EQ expr
    (41) expr -> expr . NE expr
    (42) expr -> expr . LE expr
    (43) expr -> expr . GE expr
    (44) expr -> expr . LT expr
    (45) expr -> expr . GT expr
    (46) expr -> expr . STAR expr
    (47) expr -> expr . SLASH expr
    (48) expr -> expr . MODULO expr
    (49) expr -> expr . POW expr

    DOT             reduce using rule 48 (expr -> expr MODULO expr .)
    IMPLIED_BY      reduce using rule 48 (expr -> expr MODULO expr .)
    PLUS            reduce using rule 48 (expr -> expr MODULO expr .)
    MINUS           reduce using rule 48 (expr -> expr MODULO expr .)
    EQ              reduce using rule 48 (expr -> expr MODULO expr .)
    NE              reduce using rule 48 (expr -> expr MODULO expr .)
    LE              reduce using rule 48 (expr -> expr MODULO expr .)
    GE              reduce using rule 48 (expr -> expr MODULO expr .)
    LT              reduce using rule 48 (expr -> expr MODULO expr .)
    GT              reduce using rule 48 (expr -> expr MODULO expr .)
    STAR            reduce using rule 48 (expr -> expr MODULO expr .)
    SLASH           reduce using rule 48 (expr -> expr MODULO expr .)
    MODULO          reduce using rule 48 (expr -> expr MODULO expr .)
    COMMA           reduce using rule 48 (expr -> expr MODULO expr .)
    PSLASH          reduce using rule 48 (expr -> expr MODULO expr .)
    RPAREN          reduce using rule 48 (expr -> expr MODULO expr .)
    RBRACKET        reduce using rule 48 (expr -> expr MODULO expr .)
    RBRACE          reduce using rule 48 (expr -> expr MODULO expr .)
    POW             shift and go to state 30

  ! POW             [ reduce using rule 48 (expr -> expr MODULO expr .) ]
  ! PLUS            [ shift and go to state 19 ]
  ! MINUS           [ shift and go to state 20 ]
  ! EQ              [ shift and go to state 21 ]
  ! NE              [ shift and go to state 22 ]
  ! LE              [ shift and go to state 23 ]
  ! GE              [ shift and go to state 24 ]
  ! LT              [ shift and go to state 25 ]
  ! GT              [ shift and go to state 26 ]
  ! STAR            [ shift and go to state 27 ]
  ! SLASH           [ shift and go to state 28 ]
  ! MODULO          [ shift and go to state 29 ]


state 59

    (49) expr -> expr POW expr .
    (38) expr -> expr . PLUS expr
    (39) expr -> expr . MINUS expr
    (40) expr -> expr . EQ expr
    (41) expr -> expr . NE expr
    (42) expr -> expr . LE expr
    (43) expr -> expr . GE expr
    (44) expr -> expr . LT expr
    (45) expr -> expr . GT expr
    (46) expr -> expr . STAR expr
    (47) expr -> expr . SLASH expr
    (48) expr -> expr . MODULO expr
    (49) expr -> expr . POW expr

    DOT             reduce using rule 49 (expr -> expr POW expr .)
    IMPLIED_BY      reduce using rule 49 (expr -> expr POW expr .)
    PLUS            reduce using rule 49 (expr -> expr POW expr .)
    MINUS           reduce using rule 49 (expr -> expr POW expr .)
    EQ              reduce using rule 49 (expr -> expr POW expr .)
    NE              reduce using rule 49 (expr -> expr POW expr .)
    LE              reduce using rule 49 (expr -> expr POW expr .)
    GE              reduce using rule 49 (expr -> expr POW expr .)
    LT              reduce using rule 49 (expr -> expr POW expr .)
    GT              reduce using rule 49 (expr -> expr POW expr .)
    STAR            reduce using rule 49 (expr -> expr POW expr .)
    SLASH           reduce using rule 49 (expr -> expr POW expr .)
    MODULO          reduce using rule 49 (expr -> expr POW expr .)
    COMMA           reduce using rule 49 (expr -> expr POW expr .)
    PSLASH          reduce using rule 49 (expr -> expr POW expr .)
    RPAREN          reduce using rule 49 (expr -> expr POW expr .)
    RBRACKET        reduce using rule 49 (expr -> expr POW expr .)
    RBRACE          reduce using rule 49 (expr -> expr POW expr .)
    POW             shift and go to state 30

  ! POW             [ reduce using rule 49 (expr -> expr POW expr .) ]
  ! PLUS            [ shift and go to state 19 ]
  ! MINUS           [ shift and go to state 20 ]
  ! EQ              [ shift and go to state 21 ]
  ! NE              [ shift and go to state 22 ]
  ! LE              [ shift and go to state 23 ]
  ! GE              [ shift and go to state 24 ]
  ! LT              [ shift and go to state 25 ]
  ! GT              [ shift and go to state 26 ]
  ! STAR            [ shift and go to state 27 ]
  ! SLASH           [ shift and go to state 28 ]
  ! MODULO          [ shift and go to state 29 ]


state 60

    (19) exprs_comma -> expr .
    (21) exprs_comma -> expr . COMMA exprs_comma
    (38) expr -> expr . PLUS expr
    (39) expr -> expr . MINUS expr
    (40) expr -> expr . EQ expr
    (41) expr -> expr . NE expr
    (42) expr -> expr . LE expr
    (43) expr -> expr . GE expr
    (44) expr -> expr . LT expr
    (45) expr -> expr . GT expr
    (46) expr -> expr . STAR expr
    (47) expr -> expr . SLASH expr
    (48) expr -> expr . MODULO expr
    (49) expr -> expr . POW expr

    PSLASH          reduce using rule 19 (exprs_comma -> expr .)
    RBRACKET        reduce using rule 19 (exprs_comma -> expr .)
    COMMA           shift and go to state 31
    PLUS            shift and go to state 19
    MINUS           shift and go to state 20
    EQ              shift and go to state 21
    NE              shift and go to state 22
    LE              shift and go to state 23
    GE              shift and go to state 24
    LT              shift and go to state 25
    GT              shift and go to state 26
    STAR            shift and go to state 27
    SLASH           shift and go to state 28
    MODULO          shift and go to state 29
    POW             shift and go to state 30


state 61

    (21) exprs_comma -> expr COMMA exprs_comma .

    PSLASH          reduce using rule 21 (exprs_comma -> expr COMMA exprs_comma .)
    RBRACKET        reduce using rule 21 (exprs_comma -> expr COMMA exprs_comma .)


state 62

    (6) declaration -> exprs PSLASH q_exprs . DOT
    (7) declaration -> exprs PSLASH q_exprs . IMPLIED_BY body DOT

    DOT             shift and go to state 78
    IMPLIED_BY      shift and go to state 79


state 63

    (18) q_exprs -> q_exprs_comma .

    DOT             reduce using rule 18 (q_exprs -> q_exprs_comma .)
    IMPLIED_BY      reduce using rule 18 (q_exprs -> q_exprs_comma .)


state 64

    (20) q_exprs_comma -> q_expr .
    (22) q_exprs_comma -> q_expr . COMMA q_exprs_comma

    DOT             reduce using rule 20 (q_exprs_comma -> q_expr .)
    IMPLIED_BY      reduce using rule 20 (q_exprs_comma -> q_expr .)
    COMMA           shift and go to state 80


state 65

    (34) q_expr -> QUESTION . expr
    (36) expr -> . NAME terms
    (37) expr -> . literal
    (38) expr -> . expr PLUS expr
    (39) expr -> . expr MINUS expr
    (40) expr -> . expr EQ expr
    (41) expr -> . expr NE expr
    (42) expr -> . expr LE expr
    (43) expr -> . expr GE expr
    (44) expr -> . expr LT expr
    (45) expr -> . expr GT expr
    (46) expr -> . expr STAR expr
    (47) expr -> . expr SLASH expr
    (48) expr -> . expr MODULO expr
    (49) expr -> . expr POW expr
    (50) expr -> . MINUS expr
    (51) expr -> . LPAREN expr RPAREN
    (54) literal -> . INT
    (55) literal -> . STRING
    (56) literal -> . FLOAT
    (57) literal -> . VAR

    NAME            shift and go to state 42
    MINUS           shift and go to state 9
    LPAREN          shift and go to state 10
    INT             shift and go to state 12
    STRING          shift and go to state 13
    FLOAT           shift and go to state 14
    VAR             shift and go to state 15

    expr                           shift and go to state 81
    literal                        shift and go to state 8

state 66

    (35) q_expr -> expr .
    (38) expr -> expr . PLUS expr
    (39) expr -> expr . MINUS expr
    (40) expr -> expr . EQ expr
    (41) expr -> expr . NE expr
    (42) expr -> expr . LE expr
    (43) expr -> expr . GE expr
    (44) expr -> expr . LT expr
    (45) expr -> expr . GT expr
    (46) expr -> expr . STAR expr
    (47) expr -> expr . SLASH expr
    (48) expr -> expr . MODULO expr
    (49) expr -> expr . POW expr

    COMMA           reduce using rule 35 (q_expr -> expr .)
    DOT             reduce using rule 35 (q_expr -> expr .)
    IMPLIED_BY      reduce using rule 35 (q_expr -> expr .)
    PLUS            shift and go to state 19
    MINUS           shift and go to state 20
    EQ              shift and go to state 21
    NE              shift and go to state 22
    LE              shift and go to state 23
    GE              shift and go to state 24
    LT              shift and go to state 25
    GT              shift and go to state 26
    STAR            shift and go to state 27
    SLASH           shift and go to state 28
    MODULO          shift and go to state 29
    POW             shift and go to state 30


state 67

    (8) declaration -> NAME LBRACE expr . RBRACE DOT
    (9) declaration -> NAME LBRACE expr . RBRACE IMPLIED_BY body DOT
    (38) expr -> expr . PLUS expr
    (39) expr -> expr . MINUS expr
    (40) expr -> expr . EQ expr
    (41) expr -> expr . NE expr
    (42) expr -> expr . LE expr
    (43) expr -> expr . GE expr
    (44) expr -> expr . LT expr
    (45) expr -> expr . GT expr
    (46) expr -> expr . STAR expr
    (47) expr -> expr . SLASH expr
    (48) expr -> expr . MODULO expr
    (49) expr -> expr . POW expr

    RBRACE          shift and go to state 82
    PLUS            shift and go to state 19
    MINUS           shift and go to state 20
    EQ              shift and go to state 21
    NE              shift and go to state 22
    LE              shift and go to state 23
    GE              shift and go to state 24
    LT              shift and go to state 25
    GT              shift and go to state 26
    STAR            shift and go to state 27
    SLASH           shift and go to state 28
    MODULO          shift and go to state 29
    POW             shift and go to state 30


state 68

    (12) terms -> term terms .

    DOT             reduce using rule 12 (terms -> term terms .)
    IMPLIED_BY      reduce using rule 12 (terms -> term terms .)
    PLUS            reduce using rule 12 (terms -> term terms .)
    MINUS           reduce using rule 12 (terms -> term terms .)
    EQ              reduce using rule 12 (terms -> term terms .)
    NE              reduce using rule 12 (terms -> term terms .)
    LE              reduce using rule 12 (terms -> term terms .)
    GE              reduce using rule 12 (terms -> term terms .)
    LT              reduce using rule 12 (terms -> term terms .)
    GT              reduce using rule 12 (terms -> term terms .)
    STAR            reduce using rule 12 (terms -> term terms .)
    SLASH           reduce using rule 12 (terms -> term terms .)
    MODULO          reduce using rule 12 (terms -> term terms .)
    POW             reduce using rule 12 (terms -> term terms .)
    COMMA           reduce using rule 12 (terms -> term terms .)
    PSLASH          reduce using rule 12 (terms -> term terms .)
    RPAREN          reduce using rule 12 (terms -> term terms .)
    RBRACKET        reduce using rule 12 (terms -> term terms .)
    RBRACE          reduce using rule 12 (terms -> term terms .)
    BY              reduce using rule 12 (terms -> term terms .)
    AS              reduce using rule 12 (terms -> term terms .)


state 69

    (14) term -> LPAREN expr . RPAREN
    (38) expr -> expr . PLUS expr
    (39) expr -> expr . MINUS expr
    (40) expr -> expr . EQ expr
    (41) expr -> expr . NE expr
    (42) expr -> expr . LE expr
    (43) expr -> expr . GE expr
    (44) expr -> expr . LT expr
    (45) expr -> expr . GT expr
    (46) expr -> expr . STAR expr
    (47) expr -> expr . SLASH expr
    (48) expr -> expr . MODULO expr
    (49) expr -> expr . POW expr

    RPAREN          shift and go to state 83
    PLUS            shift and go to state 19
    MINUS           shift and go to state 20
    EQ              shift and go to state 21
    NE              shift and go to state 22
    LE              shift and go to state 23
    GE              shift and go to state 24
    LT              shift and go to state 25
    GT              shift and go to state 26
    STAR            shift and go to state 27
    SLASH           shift and go to state 28
    MODULO          shift and go to state 29
    POW             shift and go to state 30


state 70

    (52) term -> LBRACKET exprs . RBRACKET

    RBRACKET        shift and go to state 84


state 71

    (10) declaration -> AT NAME NAME . DOT

    DOT             shift and go to state 85


state 72

    (51) expr -> LPAREN expr RPAREN .

    DOT             reduce using rule 51 (expr -> LPAREN expr RPAREN .)
    IMPLIED_BY      reduce using rule 51 (expr -> LPAREN expr RPAREN .)
    PLUS            reduce using rule 51 (expr -> LPAREN expr RPAREN .)
    MINUS           reduce using rule 51 (expr -> LPAREN expr RPAREN .)
    EQ              reduce using rule 51 (expr -> LPAREN expr RPAREN .)
    NE              reduce using rule 51 (expr -> LPAREN expr RPAREN .)
    LE              reduce using rule 51 (expr -> LPAREN expr RPAREN .)
    GE              reduce using rule 51 (expr -> LPAREN expr RPAREN .)
    LT              reduce using rule 51 (expr -> LPAREN expr RPAREN .)
    GT              reduce using rule 51 (expr -> LPAREN expr RPAREN .)
    STAR            reduce using rule 51 (expr -> LPAREN expr RPAREN .)
    SLASH           reduce using rule 51 (expr -> LPAREN expr RPAREN .)
    MODULO          reduce using rule 51 (expr -> LPAREN expr RPAREN .)
    POW             reduce using rule 51 (expr -> LPAREN expr RPAREN .)
    COMMA           reduce using rule 51 (expr -> LPAREN expr RPAREN .)
    PSLASH          reduce using rule 51 (expr -> LPAREN expr RPAREN .)
    RPAREN          reduce using rule 51 (expr -> LPAREN expr RPAREN .)
    RBRACKET        reduce using rule 51 (expr -> LPAREN expr RPAREN .)
    RBRACE          reduce using rule 51 (expr -> LPAREN expr RPAREN .)


state 73

    (25) body -> expr COMMA . body
    (23) body -> . expr
    (24) body -> . window
    (25) body -> . expr COMMA body
    (26) body -> . window COMMA body
    (36) expr -> . NAME terms
    (37) expr -> . literal
    (38) expr -> . expr PLUS expr
    (39) expr -> . expr MINUS expr
    (40) expr -> . expr EQ expr
    (41) expr -> . expr NE expr
    (42) expr -> . expr LE expr
    (43) expr -> . expr GE expr
    (44) expr -> . expr LT expr
    (45) expr -> . expr GT expr
    (46) expr -> . expr STAR expr
    (47) expr -> . expr SLASH expr
    (48) expr -> . expr MODULO expr
    (49) expr -> . expr POW expr
    (50) expr -> . MINUS expr
    (51) expr -> . LPAREN expr RPAREN
    (27) window -> . SET vars operators
    (54) literal -> . INT
    (55) literal -> . STRING
    (56) literal -> . FLOAT
    (57) literal -> . VAR

    NAME            shift and go to state 42
    MINUS           shift and go to state 9
    LPAREN          shift and go to state 10
    SET             shift and go to state 47
    INT             shift and go to state 12
    STRING          shift and go to state 13
    FLOAT           shift and go to state 14
    VAR             shift and go to state 15

    expr                           shift and go to state 44
    body                           shift and go to state 86
    window                         shift and go to state 46
    literal                        shift and go to state 8

state 74

    (5) declaration -> expr IMPLIED_BY body DOT .

    NAME            reduce using rule 5 (declaration -> expr IMPLIED_BY body DOT .)
    AT              reduce using rule 5 (declaration -> expr IMPLIED_BY body DOT .)
    MINUS           reduce using rule 5 (declaration -> expr IMPLIED_BY body DOT .)
    LPAREN          reduce using rule 5 (declaration -> expr IMPLIED_BY body DOT .)
    INT             reduce using rule 5 (declaration -> expr IMPLIED_BY body DOT .)
    STRING          reduce using rule 5 (declaration -> expr IMPLIED_BY body DOT .)
    FLOAT           reduce using rule 5 (declaration -> expr IMPLIED_BY body DOT .)
    VAR             reduce using rule 5 (declaration -> expr IMPLIED_BY body DOT .)
    PSLASH          reduce using rule 5 (declaration -> expr IMPLIED_BY body DOT .)
    $end            reduce using rule 5 (declaration -> expr IMPLIED_BY body DOT .)


state 75

    (26) body -> window COMMA . body
    (23) body -> . expr
    (24) body -> . window
    (25) body -> . expr COMMA body
    (26) body -> . window COMMA body
    (36) expr -> . NAME terms
    (37) expr -> . literal
    (38) expr -> . expr PLUS expr
    (39) expr -> . expr MINUS expr
    (40) expr -> . expr EQ expr
    (41) expr -> . expr NE expr
    (42) expr -> . expr LE expr
    (43) expr -> . expr GE expr
    (44) expr -> . expr LT expr
    (45) expr -> . expr GT expr
    (46) expr -> . expr STAR expr
    (47) expr -> . expr SLASH expr
    (48) expr -> . expr MODULO expr
    (49) expr -> . expr POW expr
    (50) expr -> . MINUS expr
    (51) expr -> . LPAREN expr RPAREN
    (27) window -> . SET vars operators
    (54) literal -> . INT
    (55) literal -> . STRING
    (56) literal -> . FLOAT
    (57) literal -> . VAR

    NAME            shift and go to state 42
    MINUS           shift and go to state 9
    LPAREN          shift and go to state 10
    SET             shift and go to state 47
    INT             shift and go to state 12
    STRING          shift and go to state 13
    FLOAT           shift and go to state 14
    VAR             shift and go to state 15

    window                         shift and go to state 46
    body                           shift and go to state 87
    expr                           shift and go to state 44
    literal                        shift and go to state 8

state 76

    (27) window -> SET vars . operators
    (30) operators -> . COLON operator
    (31) operators -> . COLON operator operators

    COLON           shift and go to state 89

    operators                      shift and go to state 88

state 77

    (28) vars -> VAR .
    (29) vars -> VAR . vars
    (28) vars -> . VAR
    (29) vars -> . VAR vars

    COLON           reduce using rule 28 (vars -> VAR .)
    VAR             shift and go to state 77

    vars                           shift and go to state 90

state 78

    (6) declaration -> exprs PSLASH q_exprs DOT .

    NAME            reduce using rule 6 (declaration -> exprs PSLASH q_exprs DOT .)
    AT              reduce using rule 6 (declaration -> exprs PSLASH q_exprs DOT .)
    MINUS           reduce using rule 6 (declaration -> exprs PSLASH q_exprs DOT .)
    LPAREN          reduce using rule 6 (declaration -> exprs PSLASH q_exprs DOT .)
    INT             reduce using rule 6 (declaration -> exprs PSLASH q_exprs DOT .)
    STRING          reduce using rule 6 (declaration -> exprs PSLASH q_exprs DOT .)
    FLOAT           reduce using rule 6 (declaration -> exprs PSLASH q_exprs DOT .)
    VAR             reduce using rule 6 (declaration -> exprs PSLASH q_exprs DOT .)
    PSLASH          reduce using rule 6 (declaration -> exprs PSLASH q_exprs DOT .)
    $end            reduce using rule 6 (declaration -> exprs PSLASH q_exprs DOT .)


state 79

    (7) declaration -> exprs PSLASH q_exprs IMPLIED_BY . body DOT
    (23) body -> . expr
    (24) body -> . window
    (25) body -> . expr COMMA body
    (26) body -> . window COMMA body
    (36) expr -> . NAME terms
    (37) expr -> . literal
    (38) expr -> . expr PLUS expr
    (39) expr -> . expr MINUS expr
    (40) expr -> . expr EQ expr
    (41) expr -> . expr NE expr
    (42) expr -> . expr LE expr
    (43) expr -> . expr GE expr
    (44) expr -> . expr LT expr
    (45) expr -> . expr GT expr
    (46) expr -> . expr STAR expr
    (47) expr -> . expr SLASH expr
    (48) expr -> . expr MODULO expr
    (49) expr -> . expr POW expr
    (50) expr -> . MINUS expr
    (51) expr -> . LPAREN expr RPAREN
    (27) window -> . SET vars operators
    (54) literal -> . INT
    (55) literal -> . STRING
    (56) literal -> . FLOAT
    (57) literal -> . VAR

    NAME            shift and go to state 42
    MINUS           shift and go to state 9
    LPAREN          shift and go to state 10
    SET             shift and go to state 47
    INT             shift and go to state 12
    STRING          shift and go to state 13
    FLOAT           shift and go to state 14
    VAR             shift and go to state 15

    body                           shift and go to state 91
    expr                           shift and go to state 44
    window                         shift and go to state 46
    literal                        shift and go to state 8

state 80

    (22) q_exprs_comma -> q_expr COMMA . q_exprs_comma
    (20) q_exprs_comma -> . q_expr
    (22) q_exprs_comma -> . q_expr COMMA q_exprs_comma
    (34) q_expr -> . QUESTION expr
    (35) q_expr -> . expr
    (36) expr -> . NAME terms
    (37) expr -> . literal
    (38) expr -> . expr PLUS expr
    (39) expr -> . expr MINUS expr
    (40) expr -> . expr EQ expr
    (41) expr -> . expr NE expr
    (42) expr -> . expr LE expr
    (43) expr -> . expr GE expr
    (44) expr -> . expr LT expr
    (45) expr -> . expr GT expr
    (46) expr -> . expr STAR expr
    (47) expr -> . expr SLASH expr
    (48) expr -> . expr MODULO expr
    (49) expr -> . expr POW expr
    (50) expr -> . MINUS expr
    (51) expr -> . LPAREN expr RPAREN
    (54) literal -> . INT
    (55) literal -> . STRING
    (56) literal -> . FLOAT
    (57) literal -> . VAR

    QUESTION        shift and go to state 65
    NAME            shift and go to state 42
    MINUS           shift and go to state 9
    LPAREN          shift and go to state 10
    INT             shift and go to state 12
    STRING          shift and go to state 13
    FLOAT           shift and go to state 14
    VAR             shift and go to state 15

    q_expr                         shift and go to state 64
    q_exprs_comma                  shift and go to state 92
    expr                           shift and go to state 66
    literal                        shift and go to state 8

state 81

    (34) q_expr -> QUESTION expr .
    (38) expr -> expr . PLUS expr
    (39) expr -> expr . MINUS expr
    (40) expr -> expr . EQ expr
    (41) expr -> expr . NE expr
    (42) expr -> expr . LE expr
    (43) expr -> expr . GE expr
    (44) expr -> expr . LT expr
    (45) expr -> expr . GT expr
    (46) expr -> expr . STAR expr
    (47) expr -> expr . SLASH expr
    (48) expr -> expr . MODULO expr
    (49) expr -> expr . POW expr

    COMMA           reduce using rule 34 (q_expr -> QUESTION expr .)
    DOT             reduce using rule 34 (q_expr -> QUESTION expr .)
    IMPLIED_BY      reduce using rule 34 (q_expr -> QUESTION expr .)
    PLUS            shift and go to state 19
    MINUS           shift and go to state 20
    EQ              shift and go to state 21
    NE              shift and go to state 22
    LE              shift and go to state 23
    GE              shift and go to state 24
    LT              shift and go to state 25
    GT              shift and go to state 26
    STAR            shift and go to state 27
    SLASH           shift and go to state 28
    MODULO          shift and go to state 29
    POW             shift and go to state 30


state 82

    (8) declaration -> NAME LBRACE expr RBRACE . DOT
    (9) declaration -> NAME LBRACE expr RBRACE . IMPLIED_BY body DOT

    DOT             shift and go to state 93
    IMPLIED_BY      shift and go to state 94


state 83

    (14) term -> LPAREN expr RPAREN .

    NAME            reduce using rule 14 (term -> LPAREN expr RPAREN .)
    LPAREN          reduce using rule 14 (term -> LPAREN expr RPAREN .)
    LBRACKET        reduce using rule 14 (term -> LPAREN expr RPAREN .)
    INT             reduce using rule 14 (term -> LPAREN expr RPAREN .)
    STRING          reduce using rule 14 (term -> LPAREN expr RPAREN .)
    FLOAT           reduce using rule 14 (term -> LPAREN expr RPAREN .)
    VAR             reduce using rule 14 (term -> LPAREN expr RPAREN .)
    DOT             reduce using rule 14 (term -> LPAREN expr RPAREN .)
    IMPLIED_BY      reduce using rule 14 (term -> LPAREN expr RPAREN .)
    PLUS            reduce using rule 14 (term -> LPAREN expr RPAREN .)
    MINUS           reduce using rule 14 (term -> LPAREN expr RPAREN .)
    EQ              reduce using rule 14 (term -> LPAREN expr RPAREN .)
    NE              reduce using rule 14 (term -> LPAREN expr RPAREN .)
    LE              reduce using rule 14 (term -> LPAREN expr RPAREN .)
    GE              reduce using rule 14 (term -> LPAREN expr RPAREN .)
    LT              reduce using rule 14 (term -> LPAREN expr RPAREN .)
    GT              reduce using rule 14 (term -> LPAREN expr RPAREN .)
    STAR            reduce using rule 14 (term -> LPAREN expr RPAREN .)
    SLASH           reduce using rule 14 (term -> LPAREN expr RPAREN .)
    MODULO          reduce using rule 14 (term -> LPAREN expr RPAREN .)
    POW             reduce using rule 14 (term -> LPAREN expr RPAREN .)
    COMMA           reduce using rule 14 (term -> LPAREN expr RPAREN .)
    PSLASH          reduce using rule 14 (term -> LPAREN expr RPAREN .)
    RPAREN          reduce using rule 14 (term -> LPAREN expr RPAREN .)
    RBRACKET        reduce using rule 14 (term -> LPAREN expr RPAREN .)
    RBRACE          reduce using rule 14 (term -> LPAREN expr RPAREN .)
    BY              reduce using rule 14 (term -> LPAREN expr RPAREN .)
    AS              reduce using rule 14 (term -> LPAREN expr RPAREN .)
    COLON           reduce using rule 14 (term -> LPAREN expr RPAREN .)


state 84

    (52) term -> LBRACKET exprs RBRACKET .

    NAME            reduce using rule 52 (term -> LBRACKET exprs RBRACKET .)
    LPAREN          reduce using rule 52 (term -> LBRACKET exprs RBRACKET .)
    LBRACKET        reduce using rule 52 (term -> LBRACKET exprs RBRACKET .)
    INT             reduce using rule 52 (term -> LBRACKET exprs RBRACKET .)
    STRING          reduce using rule 52 (term -> LBRACKET exprs RBRACKET .)
    FLOAT           reduce using rule 52 (term -> LBRACKET exprs RBRACKET .)
    VAR             reduce using rule 52 (term -> LBRACKET exprs RBRACKET .)
    DOT             reduce using rule 52 (term -> LBRACKET exprs RBRACKET .)
    IMPLIED_BY      reduce using rule 52 (term -> LBRACKET exprs RBRACKET .)
    PLUS            reduce using rule 52 (term -> LBRACKET exprs RBRACKET .)
    MINUS           reduce using rule 52 (term -> LBRACKET exprs RBRACKET .)
    EQ              reduce using rule 52 (term -> LBRACKET exprs RBRACKET .)
    NE              reduce using rule 52 (term -> LBRACKET exprs RBRACKET .)
    LE              reduce using rule 52 (term -> LBRACKET exprs RBRACKET .)
    GE              reduce using rule 52 (term -> LBRACKET exprs RBRACKET .)
    LT              reduce using rule 52 (term -> LBRACKET exprs RBRACKET .)
    GT              reduce using rule 52 (term -> LBRACKET exprs RBRACKET .)
    STAR            reduce using rule 52 (term -> LBRACKET exprs RBRACKET .)
    SLASH           reduce using rule 52 (term -> LBRACKET exprs RBRACKET .)
    MODULO          reduce using rule 52 (term -> LBRACKET exprs RBRACKET .)
    POW             reduce using rule 52 (term -> LBRACKET exprs RBRACKET .)
    COMMA           reduce using rule 52 (term -> LBRACKET exprs RBRACKET .)
    PSLASH          reduce using rule 52 (term -> LBRACKET exprs RBRACKET .)
    RPAREN          reduce using rule 52 (term -> LBRACKET exprs RBRACKET .)
    RBRACKET        reduce using rule 52 (term -> LBRACKET exprs RBRACKET .)
    RBRACE          reduce using rule 52 (term -> LBRACKET exprs RBRACKET .)
    BY              reduce using rule 52 (term -> LBRACKET exprs RBRACKET .)
    AS              reduce using rule 52 (term -> LBRACKET exprs RBRACKET .)
    COLON           reduce using rule 52 (term -> LBRACKET exprs RBRACKET .)


state 85

    (10) declaration -> AT NAME NAME DOT .

    NAME            reduce using rule 10 (declaration -> AT NAME NAME DOT .)
    AT              reduce using rule 10 (declaration -> AT NAME NAME DOT .)
    MINUS           reduce using rule 10 (declaration -> AT NAME NAME DOT .)
    LPAREN          reduce using rule 10 (declaration -> AT NAME NAME DOT .)
    INT             reduce using rule 10 (declaration -> AT NAME NAME DOT .)
    STRING          reduce using rule 10 (declaration -> AT NAME NAME DOT .)
    FLOAT           reduce using rule 10 (declaration -> AT NAME NAME DOT .)
    VAR             reduce using rule 10 (declaration -> AT NAME NAME DOT .)
    PSLASH          reduce using rule 10 (declaration -> AT NAME NAME DOT .)
    $end            reduce using rule 10 (declaration -> AT NAME NAME DOT .)


state 86

    (25) body -> expr COMMA body .

    DOT             reduce using rule 25 (body -> expr COMMA body .)


state 87

    (26) body -> window COMMA body .

    DOT             reduce using rule 26 (body -> window COMMA body .)


state 88

    (27) window -> SET vars operators .

    COMMA           reduce using rule 27 (window -> SET vars operators .)
    DOT             reduce using rule 27 (window -> SET vars operators .)


state 89

    (30) operators -> COLON . operator
    (31) operators -> COLON . operator operators
    (32) operator -> . NAME terms BY term
    (33) operator -> . NAME terms AS term

    NAME            shift and go to state 96

    operator                       shift and go to state 95

state 90

    (29) vars -> VAR vars .

    COLON           reduce using rule 29 (vars -> VAR vars .)


state 91

    (7) declaration -> exprs PSLASH q_exprs IMPLIED_BY body . DOT

    DOT             shift and go to state 97


state 92

    (22) q_exprs_comma -> q_expr COMMA q_exprs_comma .

    DOT             reduce using rule 22 (q_exprs_comma -> q_expr COMMA q_exprs_comma .)
    IMPLIED_BY      reduce using rule 22 (q_exprs_comma -> q_expr COMMA q_exprs_comma .)


state 93

    (8) declaration -> NAME LBRACE expr RBRACE DOT .

    NAME            reduce using rule 8 (declaration -> NAME LBRACE expr RBRACE DOT .)
    AT              reduce using rule 8 (declaration -> NAME LBRACE expr RBRACE DOT .)
    MINUS           reduce using rule 8 (declaration -> NAME LBRACE expr RBRACE DOT .)
    LPAREN          reduce using rule 8 (declaration -> NAME LBRACE expr RBRACE DOT .)
    INT             reduce using rule 8 (declaration -> NAME LBRACE expr RBRACE DOT .)
    STRING          reduce using rule 8 (declaration -> NAME LBRACE expr RBRACE DOT .)
    FLOAT           reduce using rule 8 (declaration -> NAME LBRACE expr RBRACE DOT .)
    VAR             reduce using rule 8 (declaration -> NAME LBRACE expr RBRACE DOT .)
    PSLASH          reduce using rule 8 (declaration -> NAME LBRACE expr RBRACE DOT .)
    $end            reduce using rule 8 (declaration -> NAME LBRACE expr RBRACE DOT .)


state 94

    (9) declaration -> NAME LBRACE expr RBRACE IMPLIED_BY . body DOT
    (23) body -> . expr
    (24) body -> . window
    (25) body -> . expr COMMA body
    (26) body -> . window COMMA body
    (36) expr -> . NAME terms
    (37) expr -> . literal
    (38) expr -> . expr PLUS expr
    (39) expr -> . expr MINUS expr
    (40) expr -> . expr EQ expr
    (41) expr -> . expr NE expr
    (42) expr -> . expr LE expr
    (43) expr -> . expr GE expr
    (44) expr -> . expr LT expr
    (45) expr -> . expr GT expr
    (46) expr -> . expr STAR expr
    (47) expr -> . expr SLASH expr
    (48) expr -> . expr MODULO expr
    (49) expr -> . expr POW expr
    (50) expr -> . MINUS expr
    (51) expr -> . LPAREN expr RPAREN
    (27) window -> . SET vars operators
    (54) literal -> . INT
    (55) literal -> . STRING
    (56) literal -> . FLOAT
    (57) literal -> . VAR

    NAME            shift and go to state 42
    MINUS           shift and go to state 9
    LPAREN          shift and go to state 10
    SET             shift and go to state 47
    INT             shift and go to state 12
    STRING          shift and go to state 13
    FLOAT           shift and go to state 14
    VAR             shift and go to state 15

    expr                           shift and go to state 44
    body                           shift and go to state 98
    window                         shift and go to state 46
    literal                        shift and go to state 8

state 95

    (30) operators -> COLON operator .
    (31) operators -> COLON operator . operators
    (30) operators -> . COLON operator
    (31) operators -> . COLON operator operators

    COMMA           reduce using rule 30 (operators -> COLON operator .)
    DOT             reduce using rule 30 (operators -> COLON operator .)
    COLON           shift and go to state 89

    operators                      shift and go to state 99

state 96

    (32) operator -> NAME . terms BY term
    (33) operator -> NAME . terms AS term
    (11) terms -> .
    (12) terms -> . term terms
    (13) term -> . NAME
    (14) term -> . LPAREN expr RPAREN
    (52) term -> . LBRACKET exprs RBRACKET
    (53) term -> . literal
    (54) literal -> . INT
    (55) literal -> . STRING
    (56) literal -> . FLOAT
    (57) literal -> . VAR

    BY              reduce using rule 11 (terms -> .)
    AS              reduce using rule 11 (terms -> .)
    NAME            shift and go to state 33
    LPAREN          shift and go to state 37
    LBRACKET        shift and go to state 38
    INT             shift and go to state 12
    STRING          shift and go to state 13
    FLOAT           shift and go to state 14
    VAR             shift and go to state 15

    terms                          shift and go to state 100
    term                           shift and go to state 36
    literal                        shift and go to state 39

state 97

    (7) declaration -> exprs PSLASH q_exprs IMPLIED_BY body DOT .

    NAME            reduce using rule 7 (declaration -> exprs PSLASH q_exprs IMPLIED_BY body DOT .)
    AT              reduce using rule 7 (declaration -> exprs PSLASH q_exprs IMPLIED_BY body DOT .)
    MINUS           reduce using rule 7 (declaration -> exprs PSLASH q_exprs IMPLIED_BY body DOT .)
    LPAREN          reduce using rule 7 (declaration -> exprs PSLASH q_exprs IMPLIED_BY body DOT .)
    INT             reduce using rule 7 (declaration -> exprs PSLASH q_exprs IMPLIED_BY body DOT .)
    STRING          reduce using rule 7 (declaration -> exprs PSLASH q_exprs IMPLIED_BY body DOT .)
    FLOAT           reduce using rule 7 (declaration -> exprs PSLASH q_exprs IMPLIED_BY body DOT .)
    VAR             reduce using rule 7 (declaration -> exprs PSLASH q_exprs IMPLIED_BY body DOT .)
    PSLASH          reduce using rule 7 (declaration -> exprs PSLASH q_exprs IMPLIED_BY body DOT .)
    $end            reduce using rule 7 (declaration -> exprs PSLASH q_exprs IMPLIED_BY body DOT .)


state 98

    (9) declaration -> NAME LBRACE expr RBRACE IMPLIED_BY body . DOT

    DOT             shift and go to state 101


state 99

    (31) operators -> COLON operator operators .

    COMMA           reduce using rule 31 (operators -> COLON operator operators .)
    DOT             reduce using rule 31 (operators -> COLON operator operators .)


state 100

    (32) operator -> NAME terms . BY term
    (33) operator -> NAME terms . AS term

    BY              shift and go to state 102
    AS              shift and go to state 103


state 101

    (9) declaration -> NAME LBRACE expr RBRACE IMPLIED_BY body DOT .

    NAME            reduce using rule 9 (declaration -> NAME LBRACE expr RBRACE IMPLIED_BY body DOT .)
    AT              reduce using rule 9 (declaration -> NAME LBRACE expr RBRACE IMPLIED_BY body DOT .)
    MINUS           reduce using rule 9 (declaration -> NAME LBRACE expr RBRACE IMPLIED_BY body DOT .)
    LPAREN          reduce using rule 9 (declaration -> NAME LBRACE expr RBRACE IMPLIED_BY body DOT .)
    INT             reduce using rule 9 (declaration -> NAME LBRACE expr RBRACE IMPLIED_BY body DOT .)
    STRING          reduce using rule 9 (declaration -> NAME LBRACE expr RBRACE IMPLIED_BY body DOT .)
    FLOAT           reduce using rule 9 (declaration -> NAME LBRACE expr RBRACE IMPLIED_BY body DOT .)
    VAR             reduce using rule 9 (declaration -> NAME LBRACE expr RBRACE IMPLIED_BY body DOT .)
    PSLASH          reduce using rule 9 (declaration -> NAME LBRACE expr RBRACE IMPLIED_BY body DOT .)
    $end            reduce using rule 9 (declaration -> NAME LBRACE expr RBRACE IMPLIED_BY body DOT .)


state 102

    (32) operator -> NAME terms BY . term
    (13) term -> . NAME
    (14) term -> . LPAREN expr RPAREN
    (52) term -> . LBRACKET exprs RBRACKET
    (53) term -> . literal
    (54) literal -> . INT
    (55) literal -> . STRING
    (56) literal -> . FLOAT
    (57) literal -> . VAR

    NAME            shift and go to state 33
    LPAREN          shift and go to state 37
    LBRACKET        shift and go to state 38
    INT             shift and go to state 12
    STRING          shift and go to state 13
    FLOAT           shift and go to state 14
    VAR             shift and go to state 15

    term                           shift and go to state 104
    literal                        shift and go to state 39

state 103

    (33) operator -> NAME terms AS . term
    (13) term -> . NAME
    (14) term -> . LPAREN expr RPAREN
    (52) term -> . LBRACKET exprs RBRACKET
    (53) term -> . literal
    (54) literal -> . INT
    (55) literal -> . STRING
    (56) literal -> . FLOAT
    (57) literal -> . VAR

    NAME            shift and go to state 33
    LPAREN          shift and go to state 37
    LBRACKET        shift and go to state 38
    INT             shift and go to state 12
    STRING          shift and go to state 13
    FLOAT           shift and go to state 14
    VAR             shift and go to state 15

    term                           shift and go to state 105
    literal                        shift and go to state 39

state 104

    (32) operator -> NAME terms BY term .

    COLON           reduce using rule 32 (operator -> NAME terms BY term .)
    COMMA           reduce using rule 32 (operator -> NAME terms BY term .)
    DOT             reduce using rule 32 (operator -> NAME terms BY term .)


state 105

    (33) operator -> NAME terms AS term .

    COLON           reduce using rule 33 (operator -> NAME terms AS term .)
    COMMA           reduce using rule 33 (operator -> NAME terms AS term .)
    DOT             reduce using rule 33 (operator -> NAME terms AS term .)

